[26Mar2026 21:39:49.492] [main/INFO] [cpw.mods.modlauncher.Launcher/MODLAUNCHER]: ModLauncher running: args [--launchTarget, forgeclientuserdev, --version, MOD_DEV, --assetIndex, 5, --assetsDir, C:\Users\sreng\.gradle\caches\forge_gradle\assets, --gameDir, ., --fml.forgeVersion, 47.4.18, --fml.mcVersion, 1.20.1, --fml.forgeGroup, net.minecraftforge, --fml.mcpVersion, 20230612.114412]
[26Mar2026 21:39:49.509] [main/INFO] [cpw.mods.modlauncher.Launcher/MODLAUNCHER]: ModLauncher 10.0.9+10.0.9+main.dcd20f30 starting: java version 17.0.17 by Eclipse Adoptium; OS Windows 11 arch amd64 version 10.0
[26Mar2026 21:39:49.600] [main/DEBUG] [cpw.mods.modlauncher.LaunchServiceHandler/MODLAUNCHER]: Found launch services [fmlclientdev,forgeclient,minecraft,forgegametestserverdev,fmlserveruserdev,fmlclient,fmldatauserdev,forgeserverdev,forgeserveruserdev,forgeclientdev,forgeclientuserdev,forgeserver,forgedatadev,fmlserver,fmlclientuserdev,fmlserverdev,forgedatauserdev,testharness,forgegametestserveruserdev]
[26Mar2026 21:39:49.660] [main/DEBUG] [cpw.mods.modlauncher.NameMappingServiceHandler/MODLAUNCHER]: Found naming services : [srgtomcp]
[26Mar2026 21:39:49.776] [main/DEBUG] [cpw.mods.modlauncher.LaunchPluginHandler/MODLAUNCHER]: Found launch plugins: [mixin,eventbus,slf4jfixer,object_holder_definalize,runtime_enum_extender,capability_token_subclass,accesstransformer,runtimedistcleaner]
[26Mar2026 21:39:49.838] [main/DEBUG] [cpw.mods.modlauncher.TransformationServicesHandler/MODLAUNCHER]: Discovering transformation services
[26Mar2026 21:39:49.886] [main/DEBUG] [net.minecraftforge.fml.loading.FMLPaths/CORE]: Path GAMEDIR is C:\Users\sreng\Detonators\run
[26Mar2026 21:39:49.891] [main/DEBUG] [net.minecraftforge.fml.loading.FMLPaths/CORE]: Path MODSDIR is C:\Users\sreng\Detonators\run\mods
[26Mar2026 21:39:49.900] [main/DEBUG] [net.minecraftforge.fml.loading.FMLPaths/CORE]: Path CONFIGDIR is C:\Users\sreng\Detonators\run\config
[26Mar2026 21:39:49.907] [main/DEBUG] [net.minecraftforge.fml.loading.FMLPaths/CORE]: Path FMLCONFIG is C:\Users\sreng\Detonators\run\config\fml.toml
[26Mar2026 21:39:50.203] [main/DEBUG] [cpw.mods.modlauncher.TransformationServicesHandler/MODLAUNCHER]: Found additional transformation services from discovery services: 
[26Mar2026 21:39:50.227] [main/INFO] [net.minecraftforge.fml.loading.ImmediateWindowHandler/]: Loading ImmediateWindowProvider fmlearlywindow
[26Mar2026 21:39:50.744] [main/INFO] [EARLYDISPLAY/]: Trying GL version 4.6
[26Mar2026 21:39:51.254] [main/INFO] [EARLYDISPLAY/]: Requested GL version 4.6 got version 4.6
[26Mar2026 21:39:51.683] [main/DEBUG] [cpw.mods.modlauncher.TransformationServicesHandler/MODLAUNCHER]: Found transformer services : [mixin,fml]
[26Mar2026 21:39:51.685] [main/DEBUG] [cpw.mods.modlauncher.TransformationServicesHandler/MODLAUNCHER]: Transformation services loading
[26Mar2026 21:39:51.691] [main/DEBUG] [cpw.mods.modlauncher.TransformationServiceDecorator/MODLAUNCHER]: Loading service mixin
[26Mar2026 21:39:51.693] [main/DEBUG] [cpw.mods.modlauncher.TransformationServiceDecorator/MODLAUNCHER]: Loaded service mixin
[26Mar2026 21:39:51.697] [main/DEBUG] [cpw.mods.modlauncher.TransformationServiceDecorator/MODLAUNCHER]: Loading service fml
[26Mar2026 21:39:51.708] [main/DEBUG] [net.minecraftforge.fml.loading.LauncherVersion/CORE]: Found FMLLauncher version 1.0
[26Mar2026 21:39:51.710] [main/DEBUG] [net.minecraftforge.fml.loading.FMLLoader/CORE]: FML 1.0 loading
[26Mar2026 21:39:51.718] [main/DEBUG] [net.minecraftforge.fml.loading.FMLLoader/CORE]: FML found ModLauncher version : 10.0.9+10.0.9+main.dcd20f30
[26Mar2026 21:39:51.719] [main/DEBUG] [net.minecraftforge.fml.loading.FMLLoader/CORE]: Requesting CoreMods to not apply the fix for ASMAPI.findFirstInstructionBefore by default
[26Mar2026 21:39:51.726] [main/DEBUG] [net.minecraftforge.fml.loading.FMLLoader/CORE]: FML found AccessTransformer version : 8.0.4+66+master.c09db6d7
[26Mar2026 21:39:51.733] [main/DEBUG] [net.minecraftforge.fml.loading.FMLLoader/CORE]: FML found EventBus version : 6.2.33
[26Mar2026 21:39:51.737] [main/DEBUG] [net.minecraftforge.fml.loading.FMLLoader/CORE]: Found Runtime Dist Cleaner
[26Mar2026 21:39:51.766] [main/DEBUG] [net.minecraftforge.coremod.CoreModEngine/]: CoreMods will preserve legacy behavior of ASMAPI.findFirstInstructionBefore for backwards-compatibility
[26Mar2026 21:39:51.771] [main/DEBUG] [net.minecraftforge.fml.loading.FMLLoader/CORE]: FML found CoreMod version : 5.2.4
[26Mar2026 21:39:51.774] [main/DEBUG] [net.minecraftforge.fml.loading.FMLLoader/CORE]: Found ForgeSPI package implementation version 7.0.1+7.0.1+master.d2b38bf6
[26Mar2026 21:39:51.774] [main/DEBUG] [net.minecraftforge.fml.loading.FMLLoader/CORE]: Found ForgeSPI package specification 5
[26Mar2026 21:39:51.774] [main/DEBUG] [cpw.mods.modlauncher.TransformationServiceDecorator/MODLAUNCHER]: Loaded service fml
[26Mar2026 21:39:51.781] [main/DEBUG] [cpw.mods.modlauncher.TransformationServicesHandler/MODLAUNCHER]: Configuring option handling for services
[26Mar2026 21:39:51.804] [main/DEBUG] [cpw.mods.modlauncher.TransformationServicesHandler/MODLAUNCHER]: Transformation services initializing
[26Mar2026 21:39:51.806] [main/DEBUG] [cpw.mods.modlauncher.TransformationServiceDecorator/MODLAUNCHER]: Initializing transformation service mixin
[26Mar2026 21:39:51.881] [main/DEBUG] [mixin/]: MixinService [ModLauncher] was successfully booted in cpw.mods.cl.ModuleClassLoader@70e8f8e
[26Mar2026 21:39:51.959] [pool-2-thread-1/INFO] [EARLYDISPLAY/]: GL info: Intel(R) Graphics GL version 4.6.0 - Build 32.0.101.7076, Intel
[26Mar2026 21:39:51.973] [main/INFO] [mixin/]: SpongePowered MIXIN Subsystem Version=0.8.5 Source=union:/C:/Users/sreng/.gradle/caches/modules-2/files-2.1/org.spongepowered/mixin/0.8.5/9d1c0c3a304ae6697ecd477218fa61b850bf57fc/mixin-0.8.5.jar%23128!/ Service=ModLauncher Env=CLIENT
[26Mar2026 21:39:52.019] [main/DEBUG] [mixin/]: Initialising Mixin Platform Manager
[26Mar2026 21:39:52.022] [main/DEBUG] [mixin/]: Adding mixin platform agents for container ModLauncher Root Container(ModLauncher:4f56a0a2)
[26Mar2026 21:39:52.026] [main/DEBUG] [mixin/]: Instancing new MixinPlatformAgentMinecraftForge for ModLauncher Root Container(ModLauncher:4f56a0a2)
[26Mar2026 21:39:52.036] [main/DEBUG] [mixin/]: MixinPlatformAgentMinecraftForge rejected container ModLauncher Root Container(ModLauncher:4f56a0a2)
[26Mar2026 21:39:52.041] [main/DEBUG] [mixin/]: Instancing new MixinPlatformAgentDefault for ModLauncher Root Container(ModLauncher:4f56a0a2)
[26Mar2026 21:39:52.042] [main/DEBUG] [mixin/]: MixinPlatformAgentDefault accepted container ModLauncher Root Container(ModLauncher:4f56a0a2)
[26Mar2026 21:39:52.060] [main/DEBUG] [cpw.mods.modlauncher.TransformationServiceDecorator/MODLAUNCHER]: Initialized transformation service mixin
[26Mar2026 21:39:52.066] [main/DEBUG] [cpw.mods.modlauncher.TransformationServiceDecorator/MODLAUNCHER]: Initializing transformation service fml
[26Mar2026 21:39:52.067] [main/DEBUG] [net.minecraftforge.fml.loading.FMLServiceProvider/CORE]: Setting up basic FML game directories
[26Mar2026 21:39:52.070] [main/DEBUG] [net.minecraftforge.fml.loading.FMLPaths/CORE]: Path GAMEDIR is C:\Users\sreng\Detonators\run
[26Mar2026 21:39:52.074] [main/DEBUG] [net.minecraftforge.fml.loading.FMLPaths/CORE]: Path MODSDIR is C:\Users\sreng\Detonators\run\mods
[26Mar2026 21:39:52.080] [main/DEBUG] [net.minecraftforge.fml.loading.FMLPaths/CORE]: Path CONFIGDIR is C:\Users\sreng\Detonators\run\config
[26Mar2026 21:39:52.085] [main/DEBUG] [net.minecraftforge.fml.loading.FMLPaths/CORE]: Path FMLCONFIG is C:\Users\sreng\Detonators\run\config\fml.toml
[26Mar2026 21:39:52.086] [main/DEBUG] [net.minecraftforge.fml.loading.FMLServiceProvider/CORE]: Loading configuration
[26Mar2026 21:39:52.107] [main/DEBUG] [net.minecraftforge.fml.loading.FMLServiceProvider/CORE]: Preparing ModFile
[26Mar2026 21:39:52.127] [main/DEBUG] [net.minecraftforge.fml.loading.FMLServiceProvider/CORE]: Preparing launch handler
[26Mar2026 21:39:52.131] [main/DEBUG] [net.minecraftforge.fml.loading.FMLLoader/CORE]: Using forgeclientuserdev as launch service
[26Mar2026 21:39:52.291] [main/DEBUG] [net.minecraftforge.fml.loading.FMLLoader/CORE]: Received command line version data  : VersionInfo[forgeVersion=47.4.18, mcVersion=1.20.1, mcpVersion=20230612.114412, forgeGroup=net.minecraftforge]
[26Mar2026 21:39:52.307] [main/DEBUG] [cpw.mods.modlauncher.TransformationServiceDecorator/MODLAUNCHER]: Initialized transformation service fml
[26Mar2026 21:39:52.310] [main/DEBUG] [cpw.mods.modlauncher.NameMappingServiceHandler/MODLAUNCHER]: Current naming domain is 'mcp'
[26Mar2026 21:39:52.324] [main/DEBUG] [cpw.mods.modlauncher.NameMappingServiceHandler/MODLAUNCHER]: Identified name mapping providers {srg=srgtomcp:1234}
[26Mar2026 21:39:52.325] [main/DEBUG] [cpw.mods.modlauncher.TransformationServicesHandler/MODLAUNCHER]: Transformation services begin scanning
[26Mar2026 21:39:52.333] [main/DEBUG] [cpw.mods.modlauncher.TransformationServiceDecorator/MODLAUNCHER]: Beginning scan trigger - transformation service mixin
[26Mar2026 21:39:52.337] [main/DEBUG] [cpw.mods.modlauncher.TransformationServiceDecorator/MODLAUNCHER]: End scan trigger - transformation service mixin
[26Mar2026 21:39:52.339] [main/DEBUG] [cpw.mods.modlauncher.TransformationServiceDecorator/MODLAUNCHER]: Beginning scan trigger - transformation service fml
[26Mar2026 21:39:52.341] [main/DEBUG] [net.minecraftforge.fml.loading.FMLServiceProvider/CORE]: Initiating mod scan
[26Mar2026 21:39:52.409] [main/DEBUG] [net.minecraftforge.fml.loading.moddiscovery.ModListHandler/CORE]: Found mod coordinates from lists: []
[26Mar2026 21:39:52.427] [main/DEBUG] [net.minecraftforge.fml.loading.moddiscovery.ModDiscoverer/CORE]: Found Mod Locators : (mods folder:null),(maven libs:null),(exploded directory:null),(minecraft:null),(userdev classpath:null)
[26Mar2026 21:39:52.433] [main/DEBUG] [net.minecraftforge.fml.loading.moddiscovery.ModDiscoverer/CORE]: Found Dependency Locators : (JarInJar:null)
[26Mar2026 21:39:52.487] [main/DEBUG] [net.minecraftforge.fml.loading.targets.CommonLaunchHandler/CORE]: Got mod coordinates detonators%%C:\Users\sreng\Detonators\build\resources\main;detonators%%C:\Users\sreng\Detonators\build\classes\java\main from env
[26Mar2026 21:39:52.501] [main/DEBUG] [net.minecraftforge.fml.loading.targets.CommonLaunchHandler/CORE]: Found supplied mod coordinates [{detonators=[C:\Users\sreng\Detonators\build\resources\main, C:\Users\sreng\Detonators\build\classes\java\main]}]
[26Mar2026 21:39:55.022] [main/DEBUG] [net.minecraftforge.fml.loading.moddiscovery.ModFileInfo/LOADING]: Found valid mod file forge-1.20.1-47.4.18_mapped_official_1.20.1.jar with {minecraft} mods - versions {1.20.1}
[26Mar2026 21:39:55.037] [main/DEBUG] [net.minecraftforge.fml.loading.moddiscovery.ModFileParser/LOADING]: Considering mod file candidate C:\Users\sreng\.gradle\caches\modules-2\files-2.1\net.minecraftforge\javafmllanguage\1.20.1-47.4.18\b526bd87f2544dda5b1348fb2a5047f230e5e679\javafmllanguage-1.20.1-47.4.18.jar
[26Mar2026 21:39:55.039] [main/WARN] [net.minecraftforge.fml.loading.moddiscovery.ModFileParser/LOADING]: Mod file C:\Users\sreng\.gradle\caches\modules-2\files-2.1\net.minecraftforge\javafmllanguage\1.20.1-47.4.18\b526bd87f2544dda5b1348fb2a5047f230e5e679\javafmllanguage-1.20.1-47.4.18.jar is missing mods.toml file
[26Mar2026 21:39:55.054] [main/DEBUG] [net.minecraftforge.fml.loading.moddiscovery.ModFileParser/LOADING]: Considering mod file candidate C:\Users\sreng\.gradle\caches\modules-2\files-2.1\net.minecraftforge\lowcodelanguage\1.20.1-47.4.18\312c78291744fbc826551ff8431a9c42e26493f3\lowcodelanguage-1.20.1-47.4.18.jar
[26Mar2026 21:39:55.055] [main/WARN] [net.minecraftforge.fml.loading.moddiscovery.ModFileParser/LOADING]: Mod file C:\Users\sreng\.gradle\caches\modules-2\files-2.1\net.minecraftforge\lowcodelanguage\1.20.1-47.4.18\312c78291744fbc826551ff8431a9c42e26493f3\lowcodelanguage-1.20.1-47.4.18.jar is missing mods.toml file
[26Mar2026 21:39:55.071] [main/DEBUG] [net.minecraftforge.fml.loading.moddiscovery.ModFileParser/LOADING]: Considering mod file candidate C:\Users\sreng\.gradle\caches\modules-2\files-2.1\net.minecraftforge\mclanguage\1.20.1-47.4.18\f6a2d32cb3b5b54788432adafe8b11c99abaf7bd\mclanguage-1.20.1-47.4.18.jar
[26Mar2026 21:39:55.073] [main/WARN] [net.minecraftforge.fml.loading.moddiscovery.ModFileParser/LOADING]: Mod file C:\Users\sreng\.gradle\caches\modules-2\files-2.1\net.minecraftforge\mclanguage\1.20.1-47.4.18\f6a2d32cb3b5b54788432adafe8b11c99abaf7bd\mclanguage-1.20.1-47.4.18.jar is missing mods.toml file
[26Mar2026 21:39:55.090] [main/DEBUG] [net.minecraftforge.fml.loading.moddiscovery.ModFileParser/LOADING]: Considering mod file candidate C:\Users\sreng\.gradle\caches\modules-2\files-2.1\net.minecraftforge\fmlcore\1.20.1-47.4.18\942bd5bf4be190a3681fa76f09d9c14e2434adf9\fmlcore-1.20.1-47.4.18.jar
[26Mar2026 21:39:55.090] [main/WARN] [net.minecraftforge.fml.loading.moddiscovery.ModFileParser/LOADING]: Mod file C:\Users\sreng\.gradle\caches\modules-2\files-2.1\net.minecraftforge\fmlcore\1.20.1-47.4.18\942bd5bf4be190a3681fa76f09d9c14e2434adf9\fmlcore-1.20.1-47.4.18.jar is missing mods.toml file
[26Mar2026 21:39:55.120] [main/DEBUG] [net.minecraftforge.fml.loading.moddiscovery.ModFileParser/LOADING]: Considering mod file candidate C:\Users\sreng\Detonators\build\resources\main
[26Mar2026 21:39:55.164] [main/DEBUG] [net.minecraftforge.fml.loading.moddiscovery.ModFileInfo/LOADING]: Found valid mod file main with {detonators} mods - versions {1.0-SNAPSHOT}
[26Mar2026 21:39:55.185] [main/DEBUG] [net.minecraftforge.fml.loading.moddiscovery.ModFileParser/LOADING]: Considering mod file candidate /
[26Mar2026 21:39:55.234] [main/DEBUG] [net.minecraftforge.fml.loading.moddiscovery.ModFileInfo/LOADING]: Found valid mod file  with {forge} mods - versions {47.4.18}
[26Mar2026 21:39:55.439] [main/DEBUG] [net.minecraftforge.fml.loading.moddiscovery.AbstractJarFileDependencyLocator/]: Failed to load resource META-INF\jarjar\metadata.json from forge-1.20.1-47.4.18_mapped_official_1.20.1.jar, it does not contain dependency information.
[26Mar2026 21:39:55.454] [main/DEBUG] [net.minecraftforge.fml.loading.moddiscovery.AbstractJarFileDependencyLocator/]: Failed to load resource META-INF\jarjar\metadata.json from main, it does not contain dependency information.
[26Mar2026 21:39:55.457] [main/DEBUG] [net.minecraftforge.fml.loading.moddiscovery.AbstractJarFileDependencyLocator/]: Failed to load resource META-INF\jarjar\metadata.json from , it does not contain dependency information.
[26Mar2026 21:39:55.460] [main/DEBUG] [net.minecraftforge.fml.loading.moddiscovery.AbstractJarFileDependencyLocator/]: Failed to load resource META-INF\jarjar\metadata.json from mclanguage-1.20.1-47.4.18.jar, it does not contain dependency information.
[26Mar2026 21:39:55.465] [main/DEBUG] [net.minecraftforge.fml.loading.moddiscovery.AbstractJarFileDependencyLocator/]: Failed to load resource META-INF\jarjar\metadata.json from javafmllanguage-1.20.1-47.4.18.jar, it does not contain dependency information.
[26Mar2026 21:39:55.465] [main/DEBUG] [net.minecraftforge.fml.loading.moddiscovery.AbstractJarFileDependencyLocator/]: Failed to load resource META-INF\jarjar\metadata.json from fmlcore-1.20.1-47.4.18.jar, it does not contain dependency information.
[26Mar2026 21:39:55.466] [main/DEBUG] [net.minecraftforge.fml.loading.moddiscovery.AbstractJarFileDependencyLocator/]: Failed to load resource META-INF\jarjar\metadata.json from lowcodelanguage-1.20.1-47.4.18.jar, it does not contain dependency information.
[26Mar2026 21:39:55.765] [main/INFO] [net.minecraftforge.fml.loading.moddiscovery.JarInJarDependencyLocator/]: No dependencies to load found. Skipping!
[26Mar2026 21:39:55.789] [main/DEBUG] [net.minecraftforge.fml.loading.moddiscovery.ModFileInfo/LOADING]: Found valid mod file forge-1.20.1-47.4.18_mapped_official_1.20.1.jar with {minecraft} mods - versions {1.20.1}
[26Mar2026 21:39:55.804] [main/DEBUG] [net.minecraftforge.fml.loading.moddiscovery.ModFile/LOADING]: Loading mod file C:\Users\sreng\.gradle\caches\forge_gradle\minecraft_user_repo\net\minecraftforge\forge\1.20.1-47.4.18_mapped_official_1.20.1\forge-1.20.1-47.4.18_mapped_official_1.20.1.jar with languages [LanguageSpec[languageName=minecraft, acceptedVersions=1]]
[26Mar2026 21:39:55.814] [main/DEBUG] [net.minecraftforge.fml.loading.moddiscovery.ModFileParser/LOADING]: Considering mod file candidate C:\Users\sreng\Detonators\build\resources\main
[26Mar2026 21:39:55.840] [main/DEBUG] [net.minecraftforge.fml.loading.moddiscovery.ModFileInfo/LOADING]: Found valid mod file main with {detonators} mods - versions {1.0-SNAPSHOT}
[26Mar2026 21:39:55.841] [main/DEBUG] [net.minecraftforge.fml.loading.moddiscovery.ModFile/LOADING]: Loading mod file C:\Users\sreng\Detonators\build\resources\main with languages [LanguageSpec[languageName=javafml, acceptedVersions=[47,)]]
[26Mar2026 21:39:55.850] [main/DEBUG] [net.minecraftforge.fml.loading.moddiscovery.ModFileParser/LOADING]: Considering mod file candidate /
[26Mar2026 21:39:55.863] [main/DEBUG] [net.minecraftforge.fml.loading.moddiscovery.ModFileInfo/LOADING]: Found valid mod file  with {forge} mods - versions {47.4.18}
[26Mar2026 21:39:55.865] [main/DEBUG] [net.minecraftforge.fml.loading.moddiscovery.ModFile/LOADING]: Loading mod file / with languages [LanguageSpec[languageName=javafml, acceptedVersions=[24,]]]
[26Mar2026 21:39:56.433] [main/DEBUG] [net.minecraftforge.fml.loading.moddiscovery.ModFileParser/LOADING]: Found coremod field_to_method with Javascript path coremods/field_to_method.js
[26Mar2026 21:39:56.437] [main/DEBUG] [net.minecraftforge.fml.loading.moddiscovery.ModFileParser/LOADING]: Found coremod field_to_instanceof with Javascript path coremods/field_to_instanceof.js
[26Mar2026 21:39:56.438] [main/DEBUG] [net.minecraftforge.fml.loading.moddiscovery.ModFileParser/LOADING]: Found coremod add_bouncer_method with Javascript path coremods/add_bouncer_method.js
[26Mar2026 21:39:56.438] [main/DEBUG] [net.minecraftforge.fml.loading.moddiscovery.ModFileParser/LOADING]: Found coremod method_redirector with Javascript path coremods/method_redirector.js
[26Mar2026 21:39:56.440] [main/DEBUG] [net.minecraftforge.fml.loading.moddiscovery.ModFile/LOADING]: Found coremod coremods/field_to_method.js
[26Mar2026 21:39:56.441] [main/DEBUG] [net.minecraftforge.fml.loading.moddiscovery.ModFile/LOADING]: Found coremod coremods/field_to_instanceof.js
[26Mar2026 21:39:56.441] [main/DEBUG] [net.minecraftforge.fml.loading.moddiscovery.ModFile/LOADING]: Found coremod coremods/add_bouncer_method.js
[26Mar2026 21:39:56.442] [main/DEBUG] [net.minecraftforge.fml.loading.moddiscovery.ModFile/LOADING]: Found coremod coremods/method_redirector.js
[26Mar2026 21:39:56.446] [main/DEBUG] [cpw.mods.modlauncher.TransformationServiceDecorator/MODLAUNCHER]: End scan trigger - transformation service fml
[26Mar2026 21:39:56.699] [main/DEBUG] [net.minecraftforge.fml.loading.LanguageLoadingProvider/CORE]: Found 3 language providers
[26Mar2026 21:39:56.705] [main/DEBUG] [net.minecraftforge.fml.loading.LanguageLoadingProvider/CORE]: Found language provider minecraft, version 1.0
[26Mar2026 21:39:56.715] [main/DEBUG] [net.minecraftforge.fml.loading.LanguageLoadingProvider/CORE]: Found language provider lowcodefml, version 47
[26Mar2026 21:39:56.718] [main/DEBUG] [net.minecraftforge.fml.loading.LanguageLoadingProvider/CORE]: Found language provider javafml, version 47
[26Mar2026 21:39:56.815] [main/DEBUG] [net.minecraftforge.fml.loading.ModSorter/]: Configured system mods: [minecraft, forge]
[26Mar2026 21:39:56.818] [main/DEBUG] [net.minecraftforge.fml.loading.ModSorter/]: Found system mod: minecraft
[26Mar2026 21:39:56.819] [main/DEBUG] [net.minecraftforge.fml.loading.ModSorter/]: Found system mod: forge
[26Mar2026 21:39:56.843] [main/DEBUG] [net.minecraftforge.fml.loading.ModSorter/LOADING]: Found 2 mod requirements (2 mandatory, 0 optional)
[26Mar2026 21:39:56.855] [main/DEBUG] [net.minecraftforge.fml.loading.ModSorter/LOADING]: Found 0 mod requirements missing (0 mandatory, 0 optional)
[26Mar2026 21:40:02.054] [main/DEBUG] [net.minecraftforge.fml.loading.MCPNamingService/CORE]: Loaded 33222 method mappings from methods.csv
[26Mar2026 21:40:02.142] [main/DEBUG] [net.minecraftforge.fml.loading.MCPNamingService/CORE]: Loaded 31003 field mappings from fields.csv
[26Mar2026 21:40:02.510] [main/DEBUG] [cpw.mods.modlauncher.TransformationServicesHandler/MODLAUNCHER]: Transformation services loading transformers
[26Mar2026 21:40:02.519] [main/DEBUG] [cpw.mods.modlauncher.TransformationServiceDecorator/MODLAUNCHER]: Initializing transformers for transformation service mixin
[26Mar2026 21:40:02.524] [main/DEBUG] [cpw.mods.modlauncher.TransformationServiceDecorator/MODLAUNCHER]: Initialized transformers for transformation service mixin
[26Mar2026 21:40:02.524] [main/DEBUG] [cpw.mods.modlauncher.TransformationServiceDecorator/MODLAUNCHER]: Initializing transformers for transformation service fml
[26Mar2026 21:40:02.531] [main/DEBUG] [net.minecraftforge.fml.loading.FMLServiceProvider/CORE]: Loading coremod transformers
[26Mar2026 21:40:02.534] [main/DEBUG] [net.minecraftforge.coremod.CoreModEngine/COREMOD]: Loading CoreMod from coremods/field_to_method.js
[26Mar2026 21:40:03.716] [main/DEBUG] [net.minecraftforge.coremod.CoreModEngine/COREMOD]: CoreMod loaded successfully
[26Mar2026 21:40:03.717] [main/DEBUG] [net.minecraftforge.coremod.CoreModEngine/COREMOD]: Loading CoreMod from coremods/field_to_instanceof.js
[26Mar2026 21:40:03.983] [main/DEBUG] [net.minecraftforge.coremod.CoreModEngine/COREMOD]: CoreMod loaded successfully
[26Mar2026 21:40:03.984] [main/DEBUG] [net.minecraftforge.coremod.CoreModEngine/COREMOD]: Loading CoreMod from coremods/add_bouncer_method.js
[26Mar2026 21:40:04.183] [main/DEBUG] [net.minecraftforge.coremod.CoreModEngine/COREMOD]: CoreMod loaded successfully
[26Mar2026 21:40:04.184] [main/DEBUG] [net.minecraftforge.coremod.CoreModEngine/COREMOD]: Loading CoreMod from coremods/method_redirector.js
[26Mar2026 21:40:04.787] [main/DEBUG] [net.minecraftforge.coremod.CoreModEngine/COREMOD]: CoreMod loaded successfully
[26Mar2026 21:40:04.886] [main/DEBUG] [cpw.mods.modlauncher.TransformStore/MODLAUNCHER]: Adding transformer net.minecraftforge.coremod.transformer.CoreModClassTransformer@18a25bbd to Target : CLASS {Lnet/minecraft/world/level/biome/Biome;} {} {V}
[26Mar2026 21:40:04.899] [main/DEBUG] [cpw.mods.modlauncher.TransformStore/MODLAUNCHER]: Adding transformer net.minecraftforge.coremod.transformer.CoreModClassTransformer@7c0777b5 to Target : CLASS {Lnet/minecraft/world/level/levelgen/structure/Structure;} {} {V}
[26Mar2026 21:40:04.904] [main/DEBUG] [cpw.mods.modlauncher.TransformStore/MODLAUNCHER]: Adding transformer net.minecraftforge.coremod.transformer.CoreModClassTransformer@2489e84a to Target : CLASS {Lnet/minecraft/world/effect/MobEffectInstance;} {} {V}
[26Mar2026 21:40:04.905] [main/DEBUG] [cpw.mods.modlauncher.TransformStore/MODLAUNCHER]: Adding transformer net.minecraftforge.coremod.transformer.CoreModClassTransformer@2a39aa2b to Target : CLASS {Lnet/minecraft/world/level/block/LiquidBlock;} {} {V}
[26Mar2026 21:40:04.907] [main/DEBUG] [cpw.mods.modlauncher.TransformStore/MODLAUNCHER]: Adding transformer net.minecraftforge.coremod.transformer.CoreModClassTransformer@62b93086 to Target : CLASS {Lnet/minecraft/world/item/BucketItem;} {} {V}
[26Mar2026 21:40:04.908] [main/DEBUG] [cpw.mods.modlauncher.TransformStore/MODLAUNCHER]: Adding transformer net.minecraftforge.coremod.transformer.CoreModClassTransformer@254449bb to Target : CLASS {Lnet/minecraft/world/level/block/StairBlock;} {} {V}
[26Mar2026 21:40:04.909] [main/DEBUG] [cpw.mods.modlauncher.TransformStore/MODLAUNCHER]: Adding transformer net.minecraftforge.coremod.transformer.CoreModClassTransformer@4e642ee1 to Target : CLASS {Lnet/minecraft/world/level/block/FlowerPotBlock;} {} {V}
[26Mar2026 21:40:04.914] [main/DEBUG] [cpw.mods.modlauncher.TransformStore/MODLAUNCHER]: Adding transformer net.minecraftforge.coremod.transformer.CoreModClassTransformer@29ebbdf4 to Target : CLASS {Lnet/minecraft/world/item/ItemStack;} {} {V}
[26Mar2026 21:40:04.915] [main/DEBUG] [cpw.mods.modlauncher.TransformStore/MODLAUNCHER]: Adding transformer net.minecraftforge.coremod.transformer.CoreModClassTransformer@2fd954f to Target : CLASS {Lnet/minecraft/network/play/client/CClientSettingsPacket;} {} {V}
[26Mar2026 21:40:04.915] [main/DEBUG] [cpw.mods.modlauncher.TransformStore/MODLAUNCHER]: Adding transformer net.minecraftforge.coremod.transformer.CoreModClassTransformer@5731d3a to Target : CLASS {Lnet/minecraft/world/entity/monster/Strider;} {} {V}
[26Mar2026 21:40:04.917] [main/DEBUG] [cpw.mods.modlauncher.TransformStore/MODLAUNCHER]: Adding transformer net.minecraftforge.coremod.transformer.CoreModClassTransformer@5731d3a to Target : CLASS {Lnet/minecraft/server/commands/RaidCommand;} {} {V}
[26Mar2026 21:40:04.920] [main/DEBUG] [cpw.mods.modlauncher.TransformStore/MODLAUNCHER]: Adding transformer net.minecraftforge.coremod.transformer.CoreModClassTransformer@5731d3a to Target : CLASS {Lnet/minecraft/world/entity/monster/ZombieVillager;} {} {V}
[26Mar2026 21:40:04.921] [main/DEBUG] [cpw.mods.modlauncher.TransformStore/MODLAUNCHER]: Adding transformer net.minecraftforge.coremod.transformer.CoreModClassTransformer@5731d3a to Target : CLASS {Lnet/minecraft/world/level/levelgen/structure/templatesystem/StructureTemplate;} {} {V}
[26Mar2026 21:40:04.924] [main/DEBUG] [cpw.mods.modlauncher.TransformStore/MODLAUNCHER]: Adding transformer net.minecraftforge.coremod.transformer.CoreModClassTransformer@5731d3a to Target : CLASS {Lnet/minecraft/world/entity/monster/Spider;} {} {V}
[26Mar2026 21:40:04.924] [main/DEBUG] [cpw.mods.modlauncher.TransformStore/MODLAUNCHER]: Adding transformer net.minecraftforge.coremod.transformer.CoreModClassTransformer@5731d3a to Target : CLASS {Lnet/minecraft/world/entity/monster/Evoker$EvokerSummonSpellGoal;} {} {V}
[26Mar2026 21:40:04.924] [main/DEBUG] [cpw.mods.modlauncher.TransformStore/MODLAUNCHER]: Adding transformer net.minecraftforge.coremod.transformer.CoreModClassTransformer@5731d3a to Target : CLASS {Lnet/minecraft/server/commands/SummonCommand;} {} {V}
[26Mar2026 21:40:04.924] [main/DEBUG] [cpw.mods.modlauncher.TransformStore/MODLAUNCHER]: Adding transformer net.minecraftforge.coremod.transformer.CoreModClassTransformer@5731d3a to Target : CLASS {Lnet/minecraft/world/entity/animal/frog/Tadpole;} {} {V}
[26Mar2026 21:40:04.936] [main/DEBUG] [cpw.mods.modlauncher.TransformStore/MODLAUNCHER]: Adding transformer net.minecraftforge.coremod.transformer.CoreModClassTransformer@5731d3a to Target : CLASS {Lnet/minecraft/world/entity/raid/Raid;} {} {V}
[26Mar2026 21:40:04.936] [main/DEBUG] [cpw.mods.modlauncher.TransformStore/MODLAUNCHER]: Adding transformer net.minecraftforge.coremod.transformer.CoreModClassTransformer@5731d3a to Target : CLASS {Lnet/minecraft/world/entity/npc/CatSpawner;} {} {V}
[26Mar2026 21:40:04.937] [main/DEBUG] [cpw.mods.modlauncher.TransformStore/MODLAUNCHER]: Adding transformer net.minecraftforge.coremod.transformer.CoreModClassTransformer@5731d3a to Target : CLASS {Lnet/minecraft/world/level/levelgen/PhantomSpawner;} {} {V}
[26Mar2026 21:40:04.940] [main/DEBUG] [cpw.mods.modlauncher.TransformStore/MODLAUNCHER]: Adding transformer net.minecraftforge.coremod.transformer.CoreModClassTransformer@5731d3a to Target : CLASS {Lnet/minecraft/world/entity/monster/Zombie;} {} {V}
[26Mar2026 21:40:04.943] [main/DEBUG] [cpw.mods.modlauncher.TransformStore/MODLAUNCHER]: Adding transformer net.minecraftforge.coremod.transformer.CoreModClassTransformer@5731d3a to Target : CLASS {Lnet/minecraft/world/level/levelgen/structure/structures/SwampHutPiece;} {} {V}
[26Mar2026 21:40:04.944] [main/DEBUG] [cpw.mods.modlauncher.TransformStore/MODLAUNCHER]: Adding transformer net.minecraftforge.coremod.transformer.CoreModClassTransformer@5731d3a to Target : CLASS {Lnet/minecraft/world/level/NaturalSpawner;} {} {V}
[26Mar2026 21:40:04.947] [main/DEBUG] [cpw.mods.modlauncher.TransformStore/MODLAUNCHER]: Adding transformer net.minecraftforge.coremod.transformer.CoreModClassTransformer@5731d3a to Target : CLASS {Lnet/minecraft/world/level/levelgen/structure/structures/OceanMonumentPieces$OceanMonumentPiece;} {} {V}
[26Mar2026 21:40:04.951] [main/DEBUG] [cpw.mods.modlauncher.TransformStore/MODLAUNCHER]: Adding transformer net.minecraftforge.coremod.transformer.CoreModClassTransformer@5731d3a to Target : CLASS {Lnet/minecraft/world/entity/EntityType;} {} {V}
[26Mar2026 21:40:04.954] [main/DEBUG] [cpw.mods.modlauncher.TransformStore/MODLAUNCHER]: Adding transformer net.minecraftforge.coremod.transformer.CoreModClassTransformer@5731d3a to Target : CLASS {Lnet/minecraft/world/level/levelgen/PatrolSpawner;} {} {V}
[26Mar2026 21:40:04.954] [main/DEBUG] [cpw.mods.modlauncher.TransformStore/MODLAUNCHER]: Adding transformer net.minecraftforge.coremod.transformer.CoreModClassTransformer@5731d3a to Target : CLASS {Lnet/minecraft/world/entity/ai/village/VillageSiege;} {} {V}
[26Mar2026 21:40:04.955] [main/DEBUG] [cpw.mods.modlauncher.TransformStore/MODLAUNCHER]: Adding transformer net.minecraftforge.coremod.transformer.CoreModClassTransformer@5731d3a to Target : CLASS {Lnet/minecraft/world/entity/animal/horse/SkeletonTrapGoal;} {} {V}
[26Mar2026 21:40:04.955] [main/DEBUG] [cpw.mods.modlauncher.TransformStore/MODLAUNCHER]: Adding transformer net.minecraftforge.coremod.transformer.CoreModClassTransformer@5731d3a to Target : CLASS {Lnet/minecraft/world/level/levelgen/structure/structures/WoodlandMansionPieces$WoodlandMansionPiece;} {} {V}
[26Mar2026 21:40:04.955] [main/DEBUG] [cpw.mods.modlauncher.TransformStore/MODLAUNCHER]: Adding transformer net.minecraftforge.coremod.transformer.CoreModClassTransformer@5731d3a to Target : CLASS {Lnet/minecraft/world/level/levelgen/structure/structures/OceanRuinPieces$OceanRuinPiece;} {} {V}
[26Mar2026 21:40:04.956] [main/DEBUG] [cpw.mods.modlauncher.TransformStore/MODLAUNCHER]: Adding transformer net.minecraftforge.coremod.transformer.CoreModClassTransformer@5731d3a to Target : CLASS {Lnet/minecraft/world/entity/npc/Villager;} {} {V}
[26Mar2026 21:40:04.956] [main/DEBUG] [cpw.mods.modlauncher.TransformationServiceDecorator/MODLAUNCHER]: Initialized transformers for transformation service fml
[26Mar2026 21:40:07.039] [main/DEBUG] [mixin/]: Processing prepare() for PlatformAgent[MixinPlatformAgentDefault:ModLauncher Root Container(ModLauncher:4f56a0a2)]
[26Mar2026 21:40:07.041] [main/DEBUG] [mixin/]: Processing launch tasks for PlatformAgent[MixinPlatformAgentDefault:ModLauncher Root Container(ModLauncher:4f56a0a2)]
[26Mar2026 21:40:07.045] [main/DEBUG] [mixin/]: Adding mixin platform agents for container SecureJarResource(minecraft)
[26Mar2026 21:40:07.045] [main/DEBUG] [mixin/]: Instancing new MixinPlatformAgentMinecraftForge for SecureJarResource(minecraft)
[26Mar2026 21:40:07.046] [main/DEBUG] [mixin/]: MixinPlatformAgentMinecraftForge rejected container SecureJarResource(minecraft)
[26Mar2026 21:40:07.046] [main/DEBUG] [mixin/]: Instancing new MixinPlatformAgentDefault for SecureJarResource(minecraft)
[26Mar2026 21:40:07.046] [main/DEBUG] [mixin/]: MixinPlatformAgentDefault accepted container SecureJarResource(minecraft)
[26Mar2026 21:40:07.050] [main/DEBUG] [mixin/]: Processing prepare() for PlatformAgent[MixinPlatformAgentDefault:SecureJarResource(minecraft)]
[26Mar2026 21:40:07.054] [main/DEBUG] [mixin/]: Adding mixin platform agents for container SecureJarResource(detonators)
[26Mar2026 21:40:07.054] [main/DEBUG] [mixin/]: Instancing new MixinPlatformAgentMinecraftForge for SecureJarResource(detonators)
[26Mar2026 21:40:07.059] [main/DEBUG] [mixin/]: MixinPlatformAgentMinecraftForge rejected container SecureJarResource(detonators)
[26Mar2026 21:40:07.060] [main/DEBUG] [mixin/]: Instancing new MixinPlatformAgentDefault for SecureJarResource(detonators)
[26Mar2026 21:40:07.060] [main/DEBUG] [mixin/]: MixinPlatformAgentDefault accepted container SecureJarResource(detonators)
[26Mar2026 21:40:07.060] [main/DEBUG] [mixin/]: Processing prepare() for PlatformAgent[MixinPlatformAgentDefault:SecureJarResource(detonators)]
[26Mar2026 21:40:07.061] [main/DEBUG] [mixin/]: Adding mixin platform agents for container SecureJarResource(forge)
[26Mar2026 21:40:07.061] [main/DEBUG] [mixin/]: Instancing new MixinPlatformAgentMinecraftForge for SecureJarResource(forge)
[26Mar2026 21:40:07.064] [main/DEBUG] [mixin/]: MixinPlatformAgentMinecraftForge rejected container SecureJarResource(forge)
[26Mar2026 21:40:07.064] [main/DEBUG] [mixin/]: Instancing new MixinPlatformAgentDefault for SecureJarResource(forge)
[26Mar2026 21:40:07.064] [main/DEBUG] [mixin/]: MixinPlatformAgentDefault accepted container SecureJarResource(forge)
[26Mar2026 21:40:07.065] [main/DEBUG] [mixin/]: Processing prepare() for PlatformAgent[MixinPlatformAgentDefault:SecureJarResource(forge)]
[26Mar2026 21:40:07.065] [main/DEBUG] [mixin/]: inject() running with 4 agents
[26Mar2026 21:40:07.067] [main/DEBUG] [mixin/]: Processing inject() for PlatformAgent[MixinPlatformAgentDefault:ModLauncher Root Container(ModLauncher:4f56a0a2)]
[26Mar2026 21:40:07.069] [main/DEBUG] [mixin/]: Processing inject() for PlatformAgent[MixinPlatformAgentDefault:SecureJarResource(minecraft)]
[26Mar2026 21:40:07.070] [main/DEBUG] [mixin/]: Processing inject() for PlatformAgent[MixinPlatformAgentDefault:SecureJarResource(detonators)]
[26Mar2026 21:40:07.070] [main/DEBUG] [mixin/]: Processing inject() for PlatformAgent[MixinPlatformAgentDefault:SecureJarResource(forge)]
[26Mar2026 21:40:07.071] [main/INFO] [cpw.mods.modlauncher.LaunchServiceHandler/MODLAUNCHER]: Launching target 'forgeclientuserdev' with arguments [--version, MOD_DEV, --gameDir, ., --assetsDir, C:\Users\sreng\.gradle\caches\forge_gradle\assets, --assetIndex, 5]
[26Mar2026 21:40:07.652] [main/DEBUG] [mixin/]: Error cleaning class output directory: .mixin.out
[26Mar2026 21:40:07.658] [main/DEBUG] [mixin/]: Preparing mixins for MixinEnvironment[DEFAULT]
[26Mar2026 21:40:10.107] [main/DEBUG] [io.netty.util.internal.logging.InternalLoggerFactory/]: Using SLF4J as the default logging framework
[26Mar2026 21:40:10.121] [main/DEBUG] [io.netty.util.ResourceLeakDetector/]: -Dio.netty.leakDetection.level: simple
[26Mar2026 21:40:10.123] [main/DEBUG] [io.netty.util.ResourceLeakDetector/]: -Dio.netty.leakDetection.targetRecords: 4
[26Mar2026 21:40:11.070] [main/DEBUG] [oshi.util.FileUtil/]: No oshi.properties file found from ClassLoader cpw.mods.modlauncher.TransformingClassLoader@58d6e55a
[26Mar2026 21:40:14.001] [main/DEBUG] [oshi.util.FileUtil/]: No oshi.architecture.properties file found from ClassLoader cpw.mods.modlauncher.TransformingClassLoader@58d6e55a
[26Mar2026 21:40:16.060] [pool-4-thread-1/DEBUG] [net.minecraftforge.coremod.transformer.CoreModBaseTransformer/COREMOD]: Transforming net/minecraft/world/entity/EntityType
[26Mar2026 21:40:16.702] [pool-4-thread-1/DEBUG] [net.minecraftforge.coremod.transformer.CoreModBaseTransformer/COREMOD]: Transforming net/minecraft/world/level/block/LiquidBlock
[26Mar2026 21:40:16.752] [pool-4-thread-1/DEBUG] [net.minecraftforge.coremod.transformer.CoreModBaseTransformer/COREMOD]: Transforming net/minecraft/world/level/block/StairBlock
[26Mar2026 21:40:16.843] [pool-4-thread-1/DEBUG] [net.minecraftforge.coremod.transformer.CoreModBaseTransformer/COREMOD]: Transforming net/minecraft/world/level/block/FlowerPotBlock
[26Mar2026 21:40:17.666] [pool-4-thread-1/DEBUG] [net.minecraftforge.coremod.transformer.CoreModBaseTransformer/COREMOD]: Transforming net/minecraft/world/item/ItemStack
[26Mar2026 21:40:18.197] [pool-4-thread-1/DEBUG] [net.minecraftforge.coremod.transformer.CoreModBaseTransformer/COREMOD]: Transforming net/minecraft/world/entity/animal/frog/Tadpole
[26Mar2026 21:40:18.255] [pool-4-thread-1/DEBUG] [net.minecraftforge.coremod.transformer.CoreModBaseTransformer/COREMOD]: Transforming net/minecraft/world/item/BucketItem
[26Mar2026 21:40:19.209] [pool-4-thread-1/DEBUG] [net.minecraftforge.coremod.transformer.CoreModBaseTransformer/COREMOD]: Transforming net/minecraft/world/entity/monster/Spider
[26Mar2026 21:40:19.307] [pool-4-thread-1/DEBUG] [net.minecraftforge.coremod.transformer.CoreModBaseTransformer/COREMOD]: Transforming net/minecraft/world/entity/monster/Zombie
[26Mar2026 21:40:19.325] [Datafixer Bootstrap/INFO] [com.mojang.datafixers.DataFixerBuilder/]: 188 Datafixer optimizations took 206 milliseconds
[26Mar2026 21:40:19.351] [pool-4-thread-1/DEBUG] [net.minecraftforge.coremod.transformer.CoreModBaseTransformer/COREMOD]: Transforming net/minecraft/world/entity/monster/ZombieVillager
[26Mar2026 21:40:19.433] [pool-4-thread-1/DEBUG] [net.minecraftforge.coremod.transformer.CoreModBaseTransformer/COREMOD]: Transforming net/minecraft/world/entity/monster/Evoker$EvokerSummonSpellGoal
[26Mar2026 21:40:19.649] [pool-4-thread-1/DEBUG] [net.minecraftforge.coremod.transformer.CoreModBaseTransformer/COREMOD]: Transforming net/minecraft/world/entity/animal/horse/SkeletonTrapGoal
[26Mar2026 21:40:19.685] [pool-4-thread-1/DEBUG] [net.minecraftforge.coremod.transformer.CoreModBaseTransformer/COREMOD]: Transforming net/minecraft/world/entity/monster/Strider
[26Mar2026 21:40:19.858] [pool-4-thread-1/DEBUG] [net.minecraftforge.coremod.transformer.CoreModBaseTransformer/COREMOD]: Transforming net/minecraft/world/entity/npc/Villager
[26Mar2026 21:40:19.954] [pool-4-thread-1/DEBUG] [net.minecraftforge.coremod.transformer.CoreModBaseTransformer/COREMOD]: Transforming net/minecraft/world/effect/MobEffectInstance
[26Mar2026 21:40:20.795] [pool-4-thread-1/DEBUG] [net.minecraftforge.coremod.transformer.CoreModBaseTransformer/COREMOD]: Transforming net/minecraft/world/level/levelgen/structure/Structure
[26Mar2026 21:40:20.903] [pool-4-thread-1/DEBUG] [net.minecraftforge.coremod.transformer.CoreModBaseTransformer/COREMOD]: Transforming net/minecraft/world/level/levelgen/structure/structures/OceanRuinPieces$OceanRuinPiece
[26Mar2026 21:40:20.931] [pool-4-thread-1/DEBUG] [net.minecraftforge.coremod.transformer.CoreModBaseTransformer/COREMOD]: Transforming net/minecraft/world/level/levelgen/structure/structures/SwampHutPiece
[26Mar2026 21:40:20.949] [pool-4-thread-1/DEBUG] [net.minecraftforge.coremod.transformer.CoreModBaseTransformer/COREMOD]: Transforming net/minecraft/world/level/levelgen/structure/structures/OceanMonumentPieces$OceanMonumentPiece
[26Mar2026 21:40:20.978] [pool-4-thread-1/DEBUG] [net.minecraftforge.coremod.transformer.CoreModBaseTransformer/COREMOD]: Transforming net/minecraft/world/level/levelgen/structure/structures/WoodlandMansionPieces$WoodlandMansionPiece
[26Mar2026 21:40:21.136] [pool-4-thread-1/DEBUG] [net.minecraftforge.coremod.transformer.CoreModBaseTransformer/COREMOD]: Transforming net/minecraft/world/level/biome/Biome
[26Mar2026 21:40:21.516] [pool-4-thread-1/DEBUG] [net.minecraftforge.registries.GameData/REGISTRIES]: Creating vanilla freeze snapshot
[26Mar2026 21:40:21.520] [pool-4-thread-1/DEBUG] [net.minecraftforge.registries.ForgeRegistry/REGISTRIES]: Registry minecraft:block Sync: VANILLA -> ACTIVE
[26Mar2026 21:40:21.535] [pool-4-thread-1/DEBUG] [net.minecraftforge.registries.ForgeRegistry/REGISTRIES]: Registry minecraft:fluid Sync: VANILLA -> ACTIVE
[26Mar2026 21:40:21.536] [pool-4-thread-1/DEBUG] [net.minecraftforge.registries.ForgeRegistry/REGISTRIES]: Registry minecraft:item Sync: VANILLA -> ACTIVE
[26Mar2026 21:40:21.549] [pool-4-thread-1/DEBUG] [net.minecraftforge.registries.ForgeRegistry/REGISTRIES]: Registry minecraft:mob_effect Sync: VANILLA -> ACTIVE
[26Mar2026 21:40:21.549] [pool-4-thread-1/DEBUG] [net.minecraftforge.registries.ForgeRegistry/REGISTRIES]: Registry minecraft:sound_event Sync: VANILLA -> ACTIVE
[26Mar2026 21:40:21.557] [pool-4-thread-1/DEBUG] [net.minecraftforge.registries.ForgeRegistry/REGISTRIES]: Registry minecraft:potion Sync: VANILLA -> ACTIVE
[26Mar2026 21:40:21.557] [pool-4-thread-1/DEBUG] [net.minecraftforge.registries.ForgeRegistry/REGISTRIES]: Registry minecraft:enchantment Sync: VANILLA -> ACTIVE
[26Mar2026 21:40:21.557] [pool-4-thread-1/DEBUG] [net.minecraftforge.registries.ForgeRegistry/REGISTRIES]: Registry minecraft:entity_type Sync: VANILLA -> ACTIVE
[26Mar2026 21:40:21.558] [pool-4-thread-1/DEBUG] [net.minecraftforge.registries.ForgeRegistry/REGISTRIES]: Registry minecraft:block_entity_type Sync: VANILLA -> ACTIVE
[26Mar2026 21:40:21.558] [pool-4-thread-1/DEBUG] [net.minecraftforge.registries.ForgeRegistry/REGISTRIES]: Registry minecraft:particle_type Sync: VANILLA -> ACTIVE
[26Mar2026 21:40:21.559] [pool-4-thread-1/DEBUG] [net.minecraftforge.registries.ForgeRegistry/REGISTRIES]: Registry minecraft:menu Sync: VANILLA -> ACTIVE
[26Mar2026 21:40:21.559] [pool-4-thread-1/DEBUG] [net.minecraftforge.registries.ForgeRegistry/REGISTRIES]: Registry minecraft:painting_variant Sync: VANILLA -> ACTIVE
[26Mar2026 21:40:21.559] [pool-4-thread-1/DEBUG] [net.minecraftforge.registries.ForgeRegistry/REGISTRIES]: Registry minecraft:recipe_type Sync: VANILLA -> ACTIVE
[26Mar2026 21:40:21.560] [pool-4-thread-1/DEBUG] [net.minecraftforge.registries.ForgeRegistry/REGISTRIES]: Registry minecraft:recipe_serializer Sync: VANILLA -> ACTIVE
[26Mar2026 21:40:21.560] [pool-4-thread-1/DEBUG] [net.minecraftforge.registries.ForgeRegistry/REGISTRIES]: Registry minecraft:attribute Sync: VANILLA -> ACTIVE
[26Mar2026 21:40:21.560] [pool-4-thread-1/DEBUG] [net.minecraftforge.registries.ForgeRegistry/REGISTRIES]: Registry minecraft:stat_type Sync: VANILLA -> ACTIVE
[26Mar2026 21:40:21.560] [pool-4-thread-1/DEBUG] [net.minecraftforge.registries.ForgeRegistry/REGISTRIES]: Registry minecraft:command_argument_type Sync: VANILLA -> ACTIVE
[26Mar2026 21:40:21.560] [pool-4-thread-1/DEBUG] [net.minecraftforge.registries.ForgeRegistry/REGISTRIES]: Registry minecraft:villager_profession Sync: VANILLA -> ACTIVE
[26Mar2026 21:40:21.560] [pool-4-thread-1/DEBUG] [net.minecraftforge.registries.ForgeRegistry/REGISTRIES]: Registry minecraft:point_of_interest_type Sync: VANILLA -> ACTIVE
[26Mar2026 21:40:21.563] [pool-4-thread-1/DEBUG] [net.minecraftforge.registries.ForgeRegistry/REGISTRIES]: Registry minecraft:memory_module_type Sync: VANILLA -> ACTIVE
[26Mar2026 21:40:21.564] [pool-4-thread-1/DEBUG] [net.minecraftforge.registries.ForgeRegistry/REGISTRIES]: Registry minecraft:sensor_type Sync: VANILLA -> ACTIVE
[26Mar2026 21:40:21.564] [pool-4-thread-1/DEBUG] [net.minecraftforge.registries.ForgeRegistry/REGISTRIES]: Registry minecraft:schedule Sync: VANILLA -> ACTIVE
[26Mar2026 21:40:21.565] [pool-4-thread-1/DEBUG] [net.minecraftforge.registries.ForgeRegistry/REGISTRIES]: Registry minecraft:activity Sync: VANILLA -> ACTIVE
[26Mar2026 21:40:21.565] [pool-4-thread-1/DEBUG] [net.minecraftforge.registries.ForgeRegistry/REGISTRIES]: Registry minecraft:worldgen/carver Sync: VANILLA -> ACTIVE
[26Mar2026 21:40:21.565] [pool-4-thread-1/DEBUG] [net.minecraftforge.registries.ForgeRegistry/REGISTRIES]: Registry minecraft:worldgen/feature Sync: VANILLA -> ACTIVE
[26Mar2026 21:40:21.565] [pool-4-thread-1/DEBUG] [net.minecraftforge.registries.ForgeRegistry/REGISTRIES]: Registry minecraft:chunk_status Sync: VANILLA -> ACTIVE
[26Mar2026 21:40:21.565] [pool-4-thread-1/DEBUG] [net.minecraftforge.registries.ForgeRegistry/REGISTRIES]: Registry minecraft:worldgen/block_state_provider_type Sync: VANILLA -> ACTIVE
[26Mar2026 21:40:21.566] [pool-4-thread-1/DEBUG] [net.minecraftforge.registries.ForgeRegistry/REGISTRIES]: Registry minecraft:worldgen/foliage_placer_type Sync: VANILLA -> ACTIVE
[26Mar2026 21:40:21.566] [pool-4-thread-1/DEBUG] [net.minecraftforge.registries.ForgeRegistry/REGISTRIES]: Registry minecraft:worldgen/tree_decorator_type Sync: VANILLA -> ACTIVE
[26Mar2026 21:40:21.566] [pool-4-thread-1/DEBUG] [net.minecraftforge.registries.ForgeRegistry/REGISTRIES]: Registry minecraft:worldgen/biome Sync: VANILLA -> ACTIVE
[26Mar2026 21:40:21.571] [pool-4-thread-1/DEBUG] [net.minecraftforge.registries.GameData/REGISTRIES]: Vanilla freeze snapshot created
[26Mar2026 21:40:21.603] [pool-4-thread-1/DEBUG] [io.netty.util.internal.PlatformDependent0/]: -Dio.netty.noUnsafe: false
[26Mar2026 21:40:21.603] [pool-4-thread-1/DEBUG] [io.netty.util.internal.PlatformDependent0/]: Java version: 17
[26Mar2026 21:40:21.605] [pool-4-thread-1/DEBUG] [io.netty.util.internal.PlatformDependent0/]: sun.misc.Unsafe.theUnsafe: available
[26Mar2026 21:40:21.606] [pool-4-thread-1/DEBUG] [io.netty.util.internal.PlatformDependent0/]: sun.misc.Unsafe.copyMemory: available
[26Mar2026 21:40:21.607] [pool-4-thread-1/DEBUG] [io.netty.util.internal.PlatformDependent0/]: sun.misc.Unsafe.storeFence: available
[26Mar2026 21:40:21.607] [pool-4-thread-1/DEBUG] [io.netty.util.internal.PlatformDependent0/]: java.nio.Buffer.address: available
[26Mar2026 21:40:21.608] [pool-4-thread-1/DEBUG] [io.netty.util.internal.PlatformDependent0/]: direct buffer constructor: unavailable
java.lang.UnsupportedOperationException: Reflective setAccessible(true) disabled
	at io.netty.util.internal.ReflectionUtil.trySetAccessible(ReflectionUtil.java:31) ~[netty-common-4.1.82.Final.jar%23151!/:4.1.82.Final]
	at io.netty.util.internal.PlatformDependent0$5.run(PlatformDependent0.java:288) ~[netty-common-4.1.82.Final.jar%23151!/:4.1.82.Final]
	at java.security.AccessController.doPrivileged(AccessController.java:318) ~[?:?]
	at io.netty.util.internal.PlatformDependent0.<clinit>(PlatformDependent0.java:282) ~[netty-common-4.1.82.Final.jar%23151!/:4.1.82.Final]
	at io.netty.util.internal.PlatformDependent.isAndroid(PlatformDependent.java:333) ~[netty-common-4.1.82.Final.jar%23151!/:4.1.82.Final]
	at io.netty.util.internal.PlatformDependent.<clinit>(PlatformDependent.java:88) ~[netty-common-4.1.82.Final.jar%23151!/:4.1.82.Final]
	at io.netty.util.ConstantPool.<init>(ConstantPool.java:34) ~[netty-common-4.1.82.Final.jar%23151!/:4.1.82.Final]
	at io.netty.util.AttributeKey$1.<init>(AttributeKey.java:27) ~[netty-common-4.1.82.Final.jar%23151!/:4.1.82.Final]
	at io.netty.util.AttributeKey.<clinit>(AttributeKey.java:27) ~[netty-common-4.1.82.Final.jar%23151!/:4.1.82.Final]
	at net.minecraftforge.network.NetworkConstants.<clinit>(NetworkConstants.java:34) ~[forge-1.20.1-47.4.18_mapped_official_1.20.1.jar%23190%23197!/:?]
	at net.minecraftforge.network.NetworkHooks.init(NetworkHooks.java:52) ~[forge-1.20.1-47.4.18_mapped_official_1.20.1.jar%23190%23197!/:?]
	at net.minecraft.server.Bootstrap.bootStrap(Bootstrap.java:62) ~[forge-1.20.1-47.4.18_mapped_official_1.20.1.jar%23191!/:?]
	at net.minecraft.client.main.Main.lambda$main$0(Main.java:151) ~[forge-1.20.1-47.4.18_mapped_official_1.20.1.jar%23191!/:?]
	at java.util.concurrent.Executors$RunnableAdapter.call(Executors.java:539) ~[?:?]
	at java.util.concurrent.FutureTask.run(FutureTask.java:264) ~[?:?]
	at java.util.concurrent.ThreadPoolExecutor.runWorker(ThreadPoolExecutor.java:1136) ~[?:?]
	at java.util.concurrent.ThreadPoolExecutor$Worker.run(ThreadPoolExecutor.java:635) ~[?:?]
	at java.lang.Thread.run(Thread.java:840) ~[?:?]
[26Mar2026 21:40:21.611] [pool-4-thread-1/DEBUG] [io.netty.util.internal.PlatformDependent0/]: java.nio.Bits.unaligned: available, true
[26Mar2026 21:40:21.613] [pool-4-thread-1/DEBUG] [io.netty.util.internal.PlatformDependent0/]: jdk.internal.misc.Unsafe.allocateUninitializedArray(int): unavailable
java.lang.IllegalAccessException: class io.netty.util.internal.PlatformDependent0$7 (in module io.netty.common) cannot access class jdk.internal.misc.Unsafe (in module java.base) because module java.base does not export jdk.internal.misc to module io.netty.common
	at jdk.internal.reflect.Reflection.newIllegalAccessException(Reflection.java:392) ~[?:?]
	at java.lang.reflect.AccessibleObject.checkAccess(AccessibleObject.java:674) ~[?:?]
	at java.lang.reflect.Method.invoke(Method.java:561) ~[?:?]
	at io.netty.util.internal.PlatformDependent0$7.run(PlatformDependent0.java:410) ~[netty-common-4.1.82.Final.jar%23151!/:4.1.82.Final]
	at java.security.AccessController.doPrivileged(AccessController.java:318) ~[?:?]
	at io.netty.util.internal.PlatformDependent0.<clinit>(PlatformDependent0.java:401) ~[netty-common-4.1.82.Final.jar%23151!/:4.1.82.Final]
	at io.netty.util.internal.PlatformDependent.isAndroid(PlatformDependent.java:333) ~[netty-common-4.1.82.Final.jar%23151!/:4.1.82.Final]
	at io.netty.util.internal.PlatformDependent.<clinit>(PlatformDependent.java:88) ~[netty-common-4.1.82.Final.jar%23151!/:4.1.82.Final]
	at io.netty.util.ConstantPool.<init>(ConstantPool.java:34) ~[netty-common-4.1.82.Final.jar%23151!/:4.1.82.Final]
	at io.netty.util.AttributeKey$1.<init>(AttributeKey.java:27) ~[netty-common-4.1.82.Final.jar%23151!/:4.1.82.Final]
	at io.netty.util.AttributeKey.<clinit>(AttributeKey.java:27) ~[netty-common-4.1.82.Final.jar%23151!/:4.1.82.Final]
	at net.minecraftforge.network.NetworkConstants.<clinit>(NetworkConstants.java:34) ~[forge-1.20.1-47.4.18_mapped_official_1.20.1.jar%23190%23197!/:?]
	at net.minecraftforge.network.NetworkHooks.init(NetworkHooks.java:52) ~[forge-1.20.1-47.4.18_mapped_official_1.20.1.jar%23190%23197!/:?]
	at net.minecraft.server.Bootstrap.bootStrap(Bootstrap.java:62) ~[forge-1.20.1-47.4.18_mapped_official_1.20.1.jar%23191!/:?]
	at net.minecraft.client.main.Main.lambda$main$0(Main.java:151) ~[forge-1.20.1-47.4.18_mapped_official_1.20.1.jar%23191!/:?]
	at java.util.concurrent.Executors$RunnableAdapter.call(Executors.java:539) ~[?:?]
	at java.util.concurrent.FutureTask.run(FutureTask.java:264) ~[?:?]
	at java.util.concurrent.ThreadPoolExecutor.runWorker(ThreadPoolExecutor.java:1136) ~[?:?]
	at java.util.concurrent.ThreadPoolExecutor$Worker.run(ThreadPoolExecutor.java:635) ~[?:?]
	at java.lang.Thread.run(Thread.java:840) ~[?:?]
[26Mar2026 21:40:21.615] [pool-4-thread-1/DEBUG] [io.netty.util.internal.PlatformDependent0/]: java.nio.DirectByteBuffer.<init>(long, int): unavailable
[26Mar2026 21:40:21.616] [pool-4-thread-1/DEBUG] [io.netty.util.internal.PlatformDependent/]: sun.misc.Unsafe: available
[26Mar2026 21:40:21.616] [pool-4-thread-1/DEBUG] [io.netty.util.internal.PlatformDependent/]: maxDirectMemory: 4206886912 bytes (maybe)
[26Mar2026 21:40:21.618] [pool-4-thread-1/DEBUG] [io.netty.util.internal.PlatformDependent/]: -Dio.netty.tmpdir: C:\Users\sreng\AppData\Local\Temp (java.io.tmpdir)
[26Mar2026 21:40:21.618] [pool-4-thread-1/DEBUG] [io.netty.util.internal.PlatformDependent/]: -Dio.netty.bitMode: 64 (sun.arch.data.model)
[26Mar2026 21:40:21.618] [pool-4-thread-1/DEBUG] [io.netty.util.internal.PlatformDependent/]: Platform: Windows
[26Mar2026 21:40:21.619] [pool-4-thread-1/DEBUG] [io.netty.util.internal.PlatformDependent/]: -Dio.netty.maxDirectMemory: -1 bytes
[26Mar2026 21:40:21.620] [pool-4-thread-1/DEBUG] [io.netty.util.internal.PlatformDependent/]: -Dio.netty.uninitializedArrayAllocationThreshold: -1
[26Mar2026 21:40:21.623] [pool-4-thread-1/DEBUG] [io.netty.util.internal.CleanerJava9/]: java.nio.ByteBuffer.cleaner(): available
[26Mar2026 21:40:21.623] [pool-4-thread-1/DEBUG] [io.netty.util.internal.PlatformDependent/]: -Dio.netty.noPreferDirect: false
[26Mar2026 21:40:21.725] [pool-4-thread-1/DEBUG] [net.minecraftforge.network.NetworkHooks/]: Loading Network data for FML net version: FML3
[26Mar2026 21:40:22.083] [Render thread/WARN] [net.minecraft.server.packs.VanillaPackResourcesBuilder/]: Assets URL 'union:/C:/Users/sreng/.gradle/caches/forge_gradle/minecraft_user_repo/net/minecraftforge/forge/1.20.1-47.4.18_mapped_official_1.20.1/forge-1.20.1-47.4.18_mapped_official_1.20.1.jar%23191!/assets/.mcassetsroot' uses unexpected schema
[26Mar2026 21:40:22.084] [Render thread/WARN] [net.minecraft.server.packs.VanillaPackResourcesBuilder/]: Assets URL 'union:/C:/Users/sreng/.gradle/caches/forge_gradle/minecraft_user_repo/net/minecraftforge/forge/1.20.1-47.4.18_mapped_official_1.20.1/forge-1.20.1-47.4.18_mapped_official_1.20.1.jar%23191!/data/.mcassetsroot' uses unexpected schema
[26Mar2026 21:40:22.110] [Render thread/INFO] [com.mojang.authlib.yggdrasil.YggdrasilAuthenticationService/]: Environment: authHost='https://authserver.mojang.com', accountsHost='https://api.mojang.com', sessionHost='https://sessionserver.mojang.com', servicesHost='https://api.minecraftservices.com', name='PROD'
[26Mar2026 21:40:22.119] [Render thread/INFO] [net.minecraft.client.Minecraft/]: Setting user: Dev
[26Mar2026 21:40:22.262] [Render thread/INFO] [net.minecraft.client.Minecraft/]: Backend library: LWJGL version 3.3.1 build 7
[26Mar2026 21:40:22.500] [Render thread/DEBUG] [net.minecraftforge.common.ForgeI18n/CORE]: Loading I18N data entries: 6434
[26Mar2026 21:40:22.540] [Render thread/DEBUG] [net.minecraftforge.fml.ModWorkManager/LOADING]: Using 12 threads for parallel mod-loading
[26Mar2026 21:40:22.550] [Render thread/DEBUG] [net.minecraftforge.fml.javafmlmod.FMLJavaModLanguageProvider/LOADING]: Loading FMLModContainer from classloader cpw.mods.modlauncher.TransformingClassLoader@58d6e55a - got cpw.mods.cl.ModuleClassLoader@5cf87cfd
[26Mar2026 21:40:22.551] [Render thread/DEBUG] [net.minecraftforge.fml.javafmlmod.FMLModContainer/LOADING]: Creating FMLModContainer instance for com.detonators
[26Mar2026 21:40:22.554] [Render thread/DEBUG] [net.minecraftforge.fml.javafmlmod.FMLJavaModLanguageProvider/LOADING]: Loading FMLModContainer from classloader cpw.mods.modlauncher.TransformingClassLoader@58d6e55a - got cpw.mods.cl.ModuleClassLoader@5cf87cfd
[26Mar2026 21:40:22.554] [Render thread/DEBUG] [net.minecraftforge.fml.javafmlmod.FMLModContainer/LOADING]: Creating FMLModContainer instance for net.minecraftforge.common.ForgeMod
[26Mar2026 21:40:22.619] [modloading-worker-0/DEBUG] [net.minecraftforge.versions.forge.ForgeVersion/CORE]: Forge Version package package net.minecraftforge.versions.forge, Forge, version 47.4 from cpw.mods.modlauncher.TransformingClassLoader@58d6e55a
[26Mar2026 21:40:22.620] [modloading-worker-0/DEBUG] [net.minecraftforge.versions.forge.ForgeVersion/CORE]: Found Forge version 47.4.18
[26Mar2026 21:40:22.620] [modloading-worker-0/DEBUG] [net.minecraftforge.versions.forge.ForgeVersion/CORE]: Found Forge spec 47.4
[26Mar2026 21:40:22.620] [modloading-worker-0/DEBUG] [net.minecraftforge.versions.forge.ForgeVersion/CORE]: Found Forge group net.minecraftforge
[26Mar2026 21:40:22.623] [modloading-worker-0/DEBUG] [net.minecraftforge.versions.mcp.MCPVersion/CORE]: MCP Version package package net.minecraftforge.versions.mcp, Minecraft, version 1.20.1 from cpw.mods.modlauncher.TransformingClassLoader@58d6e55a
[26Mar2026 21:40:22.624] [modloading-worker-0/DEBUG] [net.minecraftforge.versions.mcp.MCPVersion/CORE]: Found MC version information 1.20.1
[26Mar2026 21:40:22.624] [modloading-worker-0/DEBUG] [net.minecraftforge.versions.mcp.MCPVersion/CORE]: Found MCP version information 20230612.114412
[26Mar2026 21:40:22.624] [modloading-worker-0/INFO] [net.minecraftforge.common.ForgeMod/FORGEMOD]: Forge mod loading, version 47.4.18, for MC 1.20.1 with MCP 20230612.114412
[26Mar2026 21:40:22.630] [modloading-worker-0/INFO] [net.minecraftforge.common.MinecraftForge/FORGE]: MinecraftForge v47.4.18 Initialized
[26Mar2026 21:40:22.707] [modloading-worker-0/DEBUG] [net.minecraftforge.fml.config.ConfigTracker/CONFIG]: Config file detonators-common.toml for detonators tracking
[26Mar2026 21:40:22.710] [modloading-worker-0/DEBUG] [net.minecraftforge.fml.javafmlmod.AutomaticEventSubscriber/LOADING]: Attempting to inject @EventBusSubscriber classes into the eventbus for detonators
[26Mar2026 21:40:22.718] [modloading-worker-0/DEBUG] [net.minecraftforge.fml.javafmlmod.AutomaticEventSubscriber/LOADING]: Auto-subscribing com.Config to MOD
[26Mar2026 21:40:22.725] [modloading-worker-0/DEBUG] [net.minecraftforge.fml.javafmlmod.AutomaticEventSubscriber/LOADING]: Auto-subscribing com.DetonatorForgeEvents to FORGE
[26Mar2026 21:40:22.732] [modloading-worker-0/DEBUG] [net.minecraftforge.fml.javafmlmod.AutomaticEventSubscriber/LOADING]: Auto-subscribing com.detonators$ClientModEvents to MOD
[26Mar2026 21:40:22.733] [modloading-worker-0/DEBUG] [net.minecraftforge.fml.config.ConfigTracker/CONFIG]: Config file forge-client.toml for forge tracking
[26Mar2026 21:40:22.733] [modloading-worker-0/DEBUG] [net.minecraftforge.fml.config.ConfigTracker/CONFIG]: Config file forge-server.toml for forge tracking
[26Mar2026 21:40:22.733] [modloading-worker-0/DEBUG] [net.minecraftforge.fml.ModLoadingContext/]: Attempted to register an empty config for type COMMON on mod forge
[26Mar2026 21:40:22.754] [modloading-worker-0/DEBUG] [net.minecraftforge.fml.javafmlmod.AutomaticEventSubscriber/LOADING]: Attempting to inject @EventBusSubscriber classes into the eventbus for forge
[26Mar2026 21:40:22.755] [modloading-worker-0/DEBUG] [net.minecraftforge.fml.javafmlmod.AutomaticEventSubscriber/LOADING]: Auto-subscribing net.minecraftforge.common.ForgeSpawnEggItem$CommonHandler to MOD
[26Mar2026 21:40:22.758] [modloading-worker-0/DEBUG] [net.minecraftforge.fml.javafmlmod.AutomaticEventSubscriber/LOADING]: Auto-subscribing net.minecraftforge.common.ForgeSpawnEggItem$ColorRegisterHandler to MOD
[26Mar2026 21:40:22.765] [modloading-worker-0/DEBUG] [net.minecraftforge.fml.javafmlmod.AutomaticEventSubscriber/LOADING]: Auto-subscribing net.minecraftforge.client.model.data.ModelDataManager to FORGE
[26Mar2026 21:40:22.769] [modloading-worker-0/DEBUG] [net.minecraftforge.fml.javafmlmod.AutomaticEventSubscriber/LOADING]: Auto-subscribing net.minecraftforge.client.ForgeHooksClient$ClientEvents to MOD
[26Mar2026 21:40:22.783] [modloading-worker-0/DEBUG] [net.minecraftforge.fml.javafmlmod.AutomaticEventSubscriber/LOADING]: Auto-subscribing net.minecraftforge.client.ClientForgeMod to MOD
[26Mar2026 21:40:22.836] [Render thread/DEBUG] [net.minecraftforge.registries.ObjectHolderRegistry/REGISTRIES]: Processing ObjectHolder annotations
[26Mar2026 21:40:22.865] [Render thread/DEBUG] [net.minecraftforge.registries.ObjectHolderRegistry/REGISTRIES]: Found 3847 ObjectHolder annotations
[26Mar2026 21:40:22.874] [Render thread/DEBUG] [net.minecraftforge.common.capabilities.CapabilityManager/CAPABILITIES]: Attempting to automatically register: Lnet/minecraftforge/energy/IEnergyStorage;
[26Mar2026 21:40:22.876] [Render thread/DEBUG] [net.minecraftforge.common.capabilities.CapabilityManager/CAPABILITIES]: Attempting to automatically register: Lnet/minecraftforge/fluids/capability/IFluidHandler;
[26Mar2026 21:40:22.876] [Render thread/DEBUG] [net.minecraftforge.common.capabilities.CapabilityManager/CAPABILITIES]: Attempting to automatically register: Lnet/minecraftforge/fluids/capability/IFluidHandlerItem;
[26Mar2026 21:40:22.876] [Render thread/DEBUG] [net.minecraftforge.common.capabilities.CapabilityManager/CAPABILITIES]: Attempting to automatically register: Lnet/minecraftforge/items/IItemHandler;
[26Mar2026 21:40:22.881] [Render thread/DEBUG] [net.minecraftforge.registries.GameData/REGISTRIES]: Unfreezing vanilla registries
[26Mar2026 21:40:22.885] [Render thread/DEBUG] [net.minecraftforge.registries.GameData/REGISTRIES]: Applying holder lookups: minecraft:sound_event
[26Mar2026 21:40:22.889] [Render thread/DEBUG] [net.minecraftforge.registries.GameData/REGISTRIES]: Holder lookups applied: minecraft:sound_event
[26Mar2026 21:40:22.890] [Render thread/DEBUG] [net.minecraftforge.registries.GameData/REGISTRIES]: Applying holder lookups: minecraft:fluid
[26Mar2026 21:40:22.891] [Render thread/DEBUG] [net.minecraftforge.registries.GameData/REGISTRIES]: Holder lookups applied: minecraft:fluid
[26Mar2026 21:40:22.891] [Render thread/DEBUG] [net.minecraftforge.registries.GameData/REGISTRIES]: Applying holder lookups: minecraft:block
[26Mar2026 21:40:22.892] [Render thread/DEBUG] [net.minecraftforge.registries.GameData/REGISTRIES]: Holder lookups applied: minecraft:block
[26Mar2026 21:40:22.893] [Render thread/DEBUG] [net.minecraftforge.registries.GameData/REGISTRIES]: Applying holder lookups: minecraft:attribute
[26Mar2026 21:40:22.894] [Render thread/DEBUG] [net.minecraftforge.registries.GameData/REGISTRIES]: Holder lookups applied: minecraft:attribute
[26Mar2026 21:40:22.894] [Render thread/DEBUG] [net.minecraftforge.registries.GameData/REGISTRIES]: Applying holder lookups: minecraft:mob_effect
[26Mar2026 21:40:22.895] [Render thread/DEBUG] [net.minecraftforge.registries.GameData/REGISTRIES]: Holder lookups applied: minecraft:mob_effect
[26Mar2026 21:40:22.896] [Render thread/DEBUG] [net.minecraftforge.registries.GameData/REGISTRIES]: Applying holder lookups: minecraft:particle_type
[26Mar2026 21:40:22.896] [Render thread/DEBUG] [net.minecraftforge.registries.GameData/REGISTRIES]: Holder lookups applied: minecraft:particle_type
[26Mar2026 21:40:22.898] [Render thread/DEBUG] [net.minecraftforge.registries.GameData/REGISTRIES]: Applying holder lookups: minecraft:item
[26Mar2026 21:40:22.900] [Render thread/DEBUG] [net.minecraftforge.registries.GameData/REGISTRIES]: Holder lookups applied: minecraft:item
[26Mar2026 21:40:22.900] [Render thread/DEBUG] [net.minecraftforge.registries.GameData/REGISTRIES]: Applying holder lookups: minecraft:entity_type
[26Mar2026 21:40:22.901] [Render thread/DEBUG] [net.minecraftforge.registries.GameData/REGISTRIES]: Holder lookups applied: minecraft:entity_type
[26Mar2026 21:40:22.901] [Render thread/DEBUG] [net.minecraftforge.registries.GameData/REGISTRIES]: Applying holder lookups: minecraft:sensor_type
[26Mar2026 21:40:22.902] [Render thread/DEBUG] [net.minecraftforge.registries.GameData/REGISTRIES]: Holder lookups applied: minecraft:sensor_type
[26Mar2026 21:40:22.902] [Render thread/DEBUG] [net.minecraftforge.registries.GameData/REGISTRIES]: Applying holder lookups: minecraft:memory_module_type
[26Mar2026 21:40:22.903] [Render thread/DEBUG] [net.minecraftforge.registries.GameData/REGISTRIES]: Holder lookups applied: minecraft:memory_module_type
[26Mar2026 21:40:22.903] [Render thread/DEBUG] [net.minecraftforge.registries.GameData/REGISTRIES]: Applying holder lookups: minecraft:potion
[26Mar2026 21:40:22.903] [Render thread/DEBUG] [net.minecraftforge.registries.GameData/REGISTRIES]: Holder lookups applied: minecraft:potion
[26Mar2026 21:40:22.903] [Render thread/DEBUG] [net.minecraftforge.registries.GameData/REGISTRIES]: Applying holder lookups: minecraft:game_event
[26Mar2026 21:40:22.904] [Render thread/DEBUG] [net.minecraftforge.registries.GameData/REGISTRIES]: Holder lookups applied: minecraft:game_event
[26Mar2026 21:40:22.904] [Render thread/DEBUG] [net.minecraftforge.registries.GameData/REGISTRIES]: Applying holder lookups: minecraft:enchantment
[26Mar2026 21:40:22.904] [Render thread/DEBUG] [net.minecraftforge.registries.GameData/REGISTRIES]: Holder lookups applied: minecraft:enchantment
[26Mar2026 21:40:22.904] [Render thread/DEBUG] [net.minecraftforge.registries.GameData/REGISTRIES]: Applying holder lookups: minecraft:block_entity_type
[26Mar2026 21:40:22.905] [Render thread/DEBUG] [net.minecraftforge.registries.GameData/REGISTRIES]: Holder lookups applied: minecraft:block_entity_type
[26Mar2026 21:40:22.905] [Render thread/DEBUG] [net.minecraftforge.registries.GameData/REGISTRIES]: Applying holder lookups: minecraft:painting_variant
[26Mar2026 21:40:22.905] [Render thread/DEBUG] [net.minecraftforge.registries.GameData/REGISTRIES]: Holder lookups applied: minecraft:painting_variant
[26Mar2026 21:40:22.905] [Render thread/DEBUG] [net.minecraftforge.registries.GameData/REGISTRIES]: Applying holder lookups: minecraft:stat_type
[26Mar2026 21:40:22.905] [Render thread/DEBUG] [net.minecraftforge.registries.GameData/REGISTRIES]: Holder lookups applied: minecraft:stat_type
[26Mar2026 21:40:22.905] [Render thread/DEBUG] [net.minecraftforge.registries.GameData/REGISTRIES]: Applying holder lookups: minecraft:custom_stat
[26Mar2026 21:40:22.906] [Render thread/DEBUG] [net.minecraftforge.registries.GameData/REGISTRIES]: Holder lookups applied: minecraft:custom_stat
[26Mar2026 21:40:22.906] [Render thread/DEBUG] [net.minecraftforge.registries.GameData/REGISTRIES]: Applying holder lookups: minecraft:chunk_status
[26Mar2026 21:40:22.906] [Render thread/DEBUG] [net.minecraftforge.registries.GameData/REGISTRIES]: Holder lookups applied: minecraft:chunk_status
[26Mar2026 21:40:22.906] [Render thread/DEBUG] [net.minecraftforge.registries.GameData/REGISTRIES]: Applying holder lookups: minecraft:rule_test
[26Mar2026 21:40:22.906] [Render thread/DEBUG] [net.minecraftforge.registries.GameData/REGISTRIES]: Holder lookups applied: minecraft:rule_test
[26Mar2026 21:40:22.906] [Render thread/DEBUG] [net.minecraftforge.registries.GameData/REGISTRIES]: Applying holder lookups: minecraft:rule_block_entity_modifier
[26Mar2026 21:40:22.907] [Render thread/DEBUG] [net.minecraftforge.registries.GameData/REGISTRIES]: Holder lookups applied: minecraft:rule_block_entity_modifier
[26Mar2026 21:40:22.907] [Render thread/DEBUG] [net.minecraftforge.registries.GameData/REGISTRIES]: Applying holder lookups: minecraft:pos_rule_test
[26Mar2026 21:40:22.907] [Render thread/DEBUG] [net.minecraftforge.registries.GameData/REGISTRIES]: Holder lookups applied: minecraft:pos_rule_test
[26Mar2026 21:40:22.908] [Render thread/DEBUG] [net.minecraftforge.registries.GameData/REGISTRIES]: Applying holder lookups: minecraft:menu
[26Mar2026 21:40:22.908] [Render thread/DEBUG] [net.minecraftforge.registries.GameData/REGISTRIES]: Holder lookups applied: minecraft:menu
[26Mar2026 21:40:22.908] [Render thread/DEBUG] [net.minecraftforge.registries.GameData/REGISTRIES]: Applying holder lookups: minecraft:recipe_type
[26Mar2026 21:40:22.909] [Render thread/DEBUG] [net.minecraftforge.registries.GameData/REGISTRIES]: Holder lookups applied: minecraft:recipe_type
[26Mar2026 21:40:22.931] [Render thread/DEBUG] [net.minecraftforge.registries.GameData/REGISTRIES]: Applying holder lookups: minecraft:recipe_serializer
[26Mar2026 21:40:22.932] [Render thread/DEBUG] [net.minecraftforge.registries.GameData/REGISTRIES]: Holder lookups applied: minecraft:recipe_serializer
[26Mar2026 21:40:22.932] [Render thread/DEBUG] [net.minecraftforge.registries.GameData/REGISTRIES]: Applying holder lookups: minecraft:position_source_type
[26Mar2026 21:40:22.932] [Render thread/DEBUG] [net.minecraftforge.registries.GameData/REGISTRIES]: Holder lookups applied: minecraft:position_source_type
[26Mar2026 21:40:22.935] [Render thread/DEBUG] [net.minecraftforge.registries.GameData/REGISTRIES]: Applying holder lookups: minecraft:command_argument_type
[26Mar2026 21:40:22.935] [Render thread/DEBUG] [net.minecraftforge.registries.GameData/REGISTRIES]: Holder lookups applied: minecraft:command_argument_type
[26Mar2026 21:40:22.935] [Render thread/DEBUG] [net.minecraftforge.registries.GameData/REGISTRIES]: Applying holder lookups: minecraft:villager_type
[26Mar2026 21:40:22.936] [Render thread/DEBUG] [net.minecraftforge.registries.GameData/REGISTRIES]: Holder lookups applied: minecraft:villager_type
[26Mar2026 21:40:22.936] [Render thread/DEBUG] [net.minecraftforge.registries.GameData/REGISTRIES]: Applying holder lookups: minecraft:villager_profession
[26Mar2026 21:40:22.936] [Render thread/DEBUG] [net.minecraftforge.registries.GameData/REGISTRIES]: Holder lookups applied: minecraft:villager_profession
[26Mar2026 21:40:22.936] [Render thread/DEBUG] [net.minecraftforge.registries.GameData/REGISTRIES]: Applying holder lookups: minecraft:point_of_interest_type
[26Mar2026 21:40:22.937] [Render thread/DEBUG] [net.minecraftforge.registries.GameData/REGISTRIES]: Holder lookups applied: minecraft:point_of_interest_type
[26Mar2026 21:40:22.937] [Render thread/DEBUG] [net.minecraftforge.registries.GameData/REGISTRIES]: Applying holder lookups: minecraft:schedule
[26Mar2026 21:40:22.937] [Render thread/DEBUG] [net.minecraftforge.registries.GameData/REGISTRIES]: Holder lookups applied: minecraft:schedule
[26Mar2026 21:40:22.937] [Render thread/DEBUG] [net.minecraftforge.registries.GameData/REGISTRIES]: Applying holder lookups: minecraft:activity
[26Mar2026 21:40:22.937] [Render thread/DEBUG] [net.minecraftforge.registries.GameData/REGISTRIES]: Holder lookups applied: minecraft:activity
[26Mar2026 21:40:22.937] [Render thread/DEBUG] [net.minecraftforge.registries.GameData/REGISTRIES]: Applying holder lookups: minecraft:loot_pool_entry_type
[26Mar2026 21:40:22.937] [Render thread/DEBUG] [net.minecraftforge.registries.GameData/REGISTRIES]: Holder lookups applied: minecraft:loot_pool_entry_type
[26Mar2026 21:40:22.937] [Render thread/DEBUG] [net.minecraftforge.registries.GameData/REGISTRIES]: Applying holder lookups: minecraft:loot_function_type
[26Mar2026 21:40:22.937] [Render thread/DEBUG] [net.minecraftforge.registries.GameData/REGISTRIES]: Holder lookups applied: minecraft:loot_function_type
[26Mar2026 21:40:22.940] [Render thread/DEBUG] [net.minecraftforge.registries.GameData/REGISTRIES]: Applying holder lookups: minecraft:loot_condition_type
[26Mar2026 21:40:22.940] [Render thread/DEBUG] [net.minecraftforge.registries.GameData/REGISTRIES]: Holder lookups applied: minecraft:loot_condition_type
[26Mar2026 21:40:22.940] [Render thread/DEBUG] [net.minecraftforge.registries.GameData/REGISTRIES]: Applying holder lookups: minecraft:loot_number_provider_type
[26Mar2026 21:40:22.941] [Render thread/DEBUG] [net.minecraftforge.registries.GameData/REGISTRIES]: Holder lookups applied: minecraft:loot_number_provider_type
[26Mar2026 21:40:22.941] [Render thread/DEBUG] [net.minecraftforge.registries.GameData/REGISTRIES]: Applying holder lookups: minecraft:loot_nbt_provider_type
[26Mar2026 21:40:22.941] [Render thread/DEBUG] [net.minecraftforge.registries.GameData/REGISTRIES]: Holder lookups applied: minecraft:loot_nbt_provider_type
[26Mar2026 21:40:22.941] [Render thread/DEBUG] [net.minecraftforge.registries.GameData/REGISTRIES]: Applying holder lookups: minecraft:loot_score_provider_type
[26Mar2026 21:40:22.941] [Render thread/DEBUG] [net.minecraftforge.registries.GameData/REGISTRIES]: Holder lookups applied: minecraft:loot_score_provider_type
[26Mar2026 21:40:22.941] [Render thread/DEBUG] [net.minecraftforge.registries.GameData/REGISTRIES]: Applying holder lookups: minecraft:float_provider_type
[26Mar2026 21:40:22.941] [Render thread/DEBUG] [net.minecraftforge.registries.GameData/REGISTRIES]: Holder lookups applied: minecraft:float_provider_type
[26Mar2026 21:40:22.942] [Render thread/DEBUG] [net.minecraftforge.registries.GameData/REGISTRIES]: Applying holder lookups: minecraft:int_provider_type
[26Mar2026 21:40:22.942] [Render thread/DEBUG] [net.minecraftforge.registries.GameData/REGISTRIES]: Holder lookups applied: minecraft:int_provider_type
[26Mar2026 21:40:22.942] [Render thread/DEBUG] [net.minecraftforge.registries.GameData/REGISTRIES]: Applying holder lookups: minecraft:height_provider_type
[26Mar2026 21:40:22.942] [Render thread/DEBUG] [net.minecraftforge.registries.GameData/REGISTRIES]: Holder lookups applied: minecraft:height_provider_type
[26Mar2026 21:40:22.942] [Render thread/DEBUG] [net.minecraftforge.registries.GameData/REGISTRIES]: Applying holder lookups: minecraft:block_predicate_type
[26Mar2026 21:40:22.942] [Render thread/DEBUG] [net.minecraftforge.registries.GameData/REGISTRIES]: Holder lookups applied: minecraft:block_predicate_type
[26Mar2026 21:40:22.942] [Render thread/DEBUG] [net.minecraftforge.registries.GameData/REGISTRIES]: Applying holder lookups: minecraft:worldgen/carver
[26Mar2026 21:40:22.942] [Render thread/DEBUG] [net.minecraftforge.registries.GameData/REGISTRIES]: Holder lookups applied: minecraft:worldgen/carver
[26Mar2026 21:40:22.942] [Render thread/DEBUG] [net.minecraftforge.registries.GameData/REGISTRIES]: Applying holder lookups: minecraft:worldgen/feature
[26Mar2026 21:40:22.943] [Render thread/DEBUG] [net.minecraftforge.registries.GameData/REGISTRIES]: Holder lookups applied: minecraft:worldgen/feature
[26Mar2026 21:40:22.943] [Render thread/DEBUG] [net.minecraftforge.registries.GameData/REGISTRIES]: Applying holder lookups: minecraft:worldgen/structure_processor
[26Mar2026 21:40:22.943] [Render thread/DEBUG] [net.minecraftforge.registries.GameData/REGISTRIES]: Holder lookups applied: minecraft:worldgen/structure_processor
[26Mar2026 21:40:22.943] [Render thread/DEBUG] [net.minecraftforge.registries.GameData/REGISTRIES]: Applying holder lookups: minecraft:worldgen/structure_placement
[26Mar2026 21:40:22.943] [Render thread/DEBUG] [net.minecraftforge.registries.GameData/REGISTRIES]: Holder lookups applied: minecraft:worldgen/structure_placement
[26Mar2026 21:40:22.943] [Render thread/DEBUG] [net.minecraftforge.registries.GameData/REGISTRIES]: Applying holder lookups: minecraft:worldgen/structure_piece
[26Mar2026 21:40:22.943] [Render thread/DEBUG] [net.minecraftforge.registries.GameData/REGISTRIES]: Holder lookups applied: minecraft:worldgen/structure_piece
[26Mar2026 21:40:22.943] [Render thread/DEBUG] [net.minecraftforge.registries.GameData/REGISTRIES]: Applying holder lookups: minecraft:worldgen/structure_type
[26Mar2026 21:40:22.943] [Render thread/DEBUG] [net.minecraftforge.registries.GameData/REGISTRIES]: Holder lookups applied: minecraft:worldgen/structure_type
[26Mar2026 21:40:22.943] [Render thread/DEBUG] [net.minecraftforge.registries.GameData/REGISTRIES]: Applying holder lookups: minecraft:worldgen/placement_modifier_type
[26Mar2026 21:40:22.944] [Render thread/DEBUG] [net.minecraftforge.registries.GameData/REGISTRIES]: Holder lookups applied: minecraft:worldgen/placement_modifier_type
[26Mar2026 21:40:22.944] [Render thread/DEBUG] [net.minecraftforge.registries.GameData/REGISTRIES]: Applying holder lookups: minecraft:worldgen/block_state_provider_type
[26Mar2026 21:40:22.944] [Render thread/DEBUG] [net.minecraftforge.registries.GameData/REGISTRIES]: Holder lookups applied: minecraft:worldgen/block_state_provider_type
[26Mar2026 21:40:22.944] [Render thread/DEBUG] [net.minecraftforge.registries.GameData/REGISTRIES]: Applying holder lookups: minecraft:worldgen/foliage_placer_type
[26Mar2026 21:40:22.944] [Render thread/DEBUG] [net.minecraftforge.registries.GameData/REGISTRIES]: Holder lookups applied: minecraft:worldgen/foliage_placer_type
[26Mar2026 21:40:22.944] [Render thread/DEBUG] [net.minecraftforge.registries.GameData/REGISTRIES]: Applying holder lookups: minecraft:worldgen/trunk_placer_type
[26Mar2026 21:40:22.944] [Render thread/DEBUG] [net.minecraftforge.registries.GameData/REGISTRIES]: Holder lookups applied: minecraft:worldgen/trunk_placer_type
[26Mar2026 21:40:22.944] [Render thread/DEBUG] [net.minecraftforge.registries.GameData/REGISTRIES]: Applying holder lookups: minecraft:worldgen/root_placer_type
[26Mar2026 21:40:22.945] [Render thread/DEBUG] [net.minecraftforge.registries.GameData/REGISTRIES]: Holder lookups applied: minecraft:worldgen/root_placer_type
[26Mar2026 21:40:22.945] [Render thread/DEBUG] [net.minecraftforge.registries.GameData/REGISTRIES]: Applying holder lookups: minecraft:worldgen/tree_decorator_type
[26Mar2026 21:40:22.945] [Render thread/DEBUG] [net.minecraftforge.registries.GameData/REGISTRIES]: Holder lookups applied: minecraft:worldgen/tree_decorator_type
[26Mar2026 21:40:22.945] [Render thread/DEBUG] [net.minecraftforge.registries.GameData/REGISTRIES]: Applying holder lookups: minecraft:worldgen/feature_size_type
[26Mar2026 21:40:22.946] [Render thread/DEBUG] [net.minecraftforge.registries.GameData/REGISTRIES]: Holder lookups applied: minecraft:worldgen/feature_size_type
[26Mar2026 21:40:22.946] [Render thread/DEBUG] [net.minecraftforge.registries.GameData/REGISTRIES]: Applying holder lookups: minecraft:worldgen/biome_source
[26Mar2026 21:40:22.946] [Render thread/DEBUG] [net.minecraftforge.registries.GameData/REGISTRIES]: Holder lookups applied: minecraft:worldgen/biome_source
[26Mar2026 21:40:22.947] [Render thread/DEBUG] [net.minecraftforge.registries.GameData/REGISTRIES]: Applying holder lookups: minecraft:worldgen/chunk_generator
[26Mar2026 21:40:22.947] [Render thread/DEBUG] [net.minecraftforge.registries.GameData/REGISTRIES]: Holder lookups applied: minecraft:worldgen/chunk_generator
[26Mar2026 21:40:22.948] [Render thread/DEBUG] [net.minecraftforge.registries.GameData/REGISTRIES]: Applying holder lookups: minecraft:worldgen/material_condition
[26Mar2026 21:40:22.948] [Render thread/DEBUG] [net.minecraftforge.registries.GameData/REGISTRIES]: Holder lookups applied: minecraft:worldgen/material_condition
[26Mar2026 21:40:22.949] [Render thread/DEBUG] [net.minecraftforge.registries.GameData/REGISTRIES]: Applying holder lookups: minecraft:worldgen/material_rule
[26Mar2026 21:40:22.949] [Render thread/DEBUG] [net.minecraftforge.registries.GameData/REGISTRIES]: Holder lookups applied: minecraft:worldgen/material_rule
[26Mar2026 21:40:22.949] [Render thread/DEBUG] [net.minecraftforge.registries.GameData/REGISTRIES]: Applying holder lookups: minecraft:worldgen/density_function_type
[26Mar2026 21:40:22.949] [Render thread/DEBUG] [net.minecraftforge.registries.GameData/REGISTRIES]: Holder lookups applied: minecraft:worldgen/density_function_type
[26Mar2026 21:40:22.949] [Render thread/DEBUG] [net.minecraftforge.registries.GameData/REGISTRIES]: Applying holder lookups: minecraft:worldgen/structure_pool_element
[26Mar2026 21:40:22.949] [Render thread/DEBUG] [net.minecraftforge.registries.GameData/REGISTRIES]: Holder lookups applied: minecraft:worldgen/structure_pool_element
[26Mar2026 21:40:22.949] [Render thread/DEBUG] [net.minecraftforge.registries.GameData/REGISTRIES]: Applying holder lookups: minecraft:cat_variant
[26Mar2026 21:40:22.950] [Render thread/DEBUG] [net.minecraftforge.registries.GameData/REGISTRIES]: Holder lookups applied: minecraft:cat_variant
[26Mar2026 21:40:22.950] [Render thread/DEBUG] [net.minecraftforge.registries.GameData/REGISTRIES]: Applying holder lookups: minecraft:frog_variant
[26Mar2026 21:40:22.950] [Render thread/DEBUG] [net.minecraftforge.registries.GameData/REGISTRIES]: Holder lookups applied: minecraft:frog_variant
[26Mar2026 21:40:22.950] [Render thread/DEBUG] [net.minecraftforge.registries.GameData/REGISTRIES]: Applying holder lookups: minecraft:banner_pattern
[26Mar2026 21:40:22.950] [Render thread/DEBUG] [net.minecraftforge.registries.GameData/REGISTRIES]: Holder lookups applied: minecraft:banner_pattern
[26Mar2026 21:40:22.950] [Render thread/DEBUG] [net.minecraftforge.registries.GameData/REGISTRIES]: Applying holder lookups: minecraft:instrument
[26Mar2026 21:40:22.950] [Render thread/DEBUG] [net.minecraftforge.registries.GameData/REGISTRIES]: Holder lookups applied: minecraft:instrument
[26Mar2026 21:40:22.951] [Render thread/DEBUG] [net.minecraftforge.registries.GameData/REGISTRIES]: Applying holder lookups: minecraft:decorated_pot_patterns
[26Mar2026 21:40:22.951] [Render thread/DEBUG] [net.minecraftforge.registries.GameData/REGISTRIES]: Holder lookups applied: minecraft:decorated_pot_patterns
[26Mar2026 21:40:22.952] [Render thread/DEBUG] [net.minecraftforge.registries.GameData/REGISTRIES]: Applying holder lookups: minecraft:creative_mode_tab
[26Mar2026 21:40:22.953] [Render thread/DEBUG] [net.minecraftforge.registries.GameData/REGISTRIES]: Holder lookups applied: minecraft:creative_mode_tab
[26Mar2026 21:40:22.959] [Render thread/DEBUG] [net.minecraftforge.registries.GameData/REGISTRIES]: Applying holder lookups: forge:biome_modifier_serializers
[26Mar2026 21:40:22.960] [Render thread/DEBUG] [net.minecraftforge.registries.GameData/REGISTRIES]: Holder lookups applied: forge:biome_modifier_serializers
[26Mar2026 21:40:22.960] [Render thread/DEBUG] [net.minecraftforge.registries.GameData/REGISTRIES]: Applying holder lookups: forge:display_contexts
[26Mar2026 21:40:22.961] [Render thread/DEBUG] [net.minecraftforge.registries.GameData/REGISTRIES]: Holder lookups applied: forge:display_contexts
[26Mar2026 21:40:22.961] [Render thread/DEBUG] [net.minecraftforge.registries.GameData/REGISTRIES]: Applying holder lookups: forge:entity_data_serializers
[26Mar2026 21:40:22.961] [Render thread/DEBUG] [net.minecraftforge.registries.GameData/REGISTRIES]: Holder lookups applied: forge:entity_data_serializers
[26Mar2026 21:40:22.971] [Render thread/DEBUG] [net.minecraftforge.registries.GameData/REGISTRIES]: Applying holder lookups: forge:fluid_type
[26Mar2026 21:40:22.971] [Render thread/DEBUG] [net.minecraftforge.registries.GameData/REGISTRIES]: Holder lookups applied: forge:fluid_type
[26Mar2026 21:40:22.971] [Render thread/DEBUG] [net.minecraftforge.registries.GameData/REGISTRIES]: Applying holder lookups: forge:global_loot_modifier_serializers
[26Mar2026 21:40:22.972] [Render thread/DEBUG] [net.minecraftforge.registries.GameData/REGISTRIES]: Holder lookups applied: forge:global_loot_modifier_serializers
[26Mar2026 21:40:22.977] [Render thread/DEBUG] [net.minecraftforge.registries.GameData/REGISTRIES]: Applying holder lookups: forge:holder_set_type
[26Mar2026 21:40:22.977] [Render thread/DEBUG] [net.minecraftforge.registries.GameData/REGISTRIES]: Holder lookups applied: forge:holder_set_type
[26Mar2026 21:40:22.978] [Render thread/DEBUG] [net.minecraftforge.registries.GameData/REGISTRIES]: Applying holder lookups: forge:structure_modifier_serializers
[26Mar2026 21:40:22.979] [Render thread/DEBUG] [net.minecraftforge.registries.GameData/REGISTRIES]: Holder lookups applied: forge:structure_modifier_serializers
[26Mar2026 21:40:22.979] [Render thread/DEBUG] [net.minecraftforge.registries.GameData/REGISTRIES]: Applying holder lookups: minecraft:worldgen/biome
[26Mar2026 21:40:22.980] [Render thread/DEBUG] [net.minecraftforge.registries.GameData/REGISTRIES]: Holder lookups applied: minecraft:worldgen/biome
[26Mar2026 21:40:23.132] [Render thread/DEBUG] [net.minecraftforge.client.loading.ClientModLoader/CORE]: Generating PackInfo named mod:detonators for mod file C:\Users\sreng\Detonators\build\resources\main
[26Mar2026 21:40:23.133] [Render thread/DEBUG] [net.minecraftforge.client.loading.ClientModLoader/CORE]: Generating PackInfo named mod:forge for mod file /
[26Mar2026 21:40:23.688] [Render thread/INFO] [net.minecraftforge.gametest.ForgeGameTestHooks/]: Enabled Gametest Namespaces: [detonators]
[26Mar2026 21:40:23.822] [Render thread/INFO] [net.minecraft.server.packs.resources.ReloadableResourceManager/]: Reloading ResourceManager: vanilla, mod_resources
[26Mar2026 21:40:23.834] [modloading-worker-0/DEBUG] [net.minecraftforge.fml.config.ConfigTracker/CONFIG]: Loading configs type CLIENT
[26Mar2026 21:40:23.835] [modloading-worker-0/DEBUG] [net.minecraftforge.fml.config.ConfigFileTypeHandler/CONFIG]: Built TOML config for C:\Users\sreng\Detonators\run\config\forge-client.toml
[26Mar2026 21:40:23.837] [modloading-worker-0/DEBUG] [net.minecraftforge.fml.config.ConfigFileTypeHandler/CONFIG]: Loaded TOML config file C:\Users\sreng\Detonators\run\config\forge-client.toml
[26Mar2026 21:40:23.845] [modloading-worker-0/DEBUG] [net.minecraftforge.fml.config.ConfigFileTypeHandler/CONFIG]: Watching TOML config file C:\Users\sreng\Detonators\run\config\forge-client.toml for changes
[26Mar2026 21:40:23.852] [modloading-worker-0/DEBUG] [net.minecraftforge.common.ForgeConfig/FORGEMOD]: Loaded forge config file forge-client.toml
[26Mar2026 21:40:23.854] [modloading-worker-0/DEBUG] [net.minecraftforge.fml.config.ConfigTracker/CONFIG]: Loading configs type COMMON
[26Mar2026 21:40:23.854] [modloading-worker-0/DEBUG] [net.minecraftforge.fml.config.ConfigFileTypeHandler/CONFIG]: Built TOML config for C:\Users\sreng\Detonators\run\config\detonators-common.toml
[26Mar2026 21:40:23.855] [modloading-worker-0/DEBUG] [net.minecraftforge.fml.config.ConfigFileTypeHandler/CONFIG]: Loaded TOML config file C:\Users\sreng\Detonators\run\config\detonators-common.toml
[26Mar2026 21:40:23.856] [modloading-worker-0/DEBUG] [net.minecraftforge.fml.config.ConfigFileTypeHandler/CONFIG]: Watching TOML config file C:\Users\sreng\Detonators\run\config\detonators-common.toml for changes
[26Mar2026 21:40:23.863] [Worker-Main-9/INFO] [com.detonators/]: HELLO FROM COMMON SETUP
[26Mar2026 21:40:23.863] [Worker-Main-9/INFO] [com.detonators/]: DIRT BLOCK >> minecraft:dirt
[26Mar2026 21:40:23.863] [Worker-Main-9/INFO] [com.detonators/]: DIRT BLOCK >> minecraft:dirt
[26Mar2026 21:40:23.864] [Worker-Main-9/INFO] [com.detonators/]: The magic number is... 42
[26Mar2026 21:40:23.864] [Worker-Main-9/INFO] [com.detonators/]: ITEM >> iron_ingot
[26Mar2026 21:40:23.967] [Worker-Main-2/INFO] [net.minecraft.client.gui.font.providers.UnihexProvider/]: Found unifont_all_no_pua-15.0.06.hex, loading
[26Mar2026 21:40:24.037] [Forge Version Check/INFO] [net.minecraftforge.fml.VersionChecker/]: [forge] Starting version check at https://files.minecraftforge.net/net/minecraftforge/forge/promotions_slim.json
[26Mar2026 21:40:24.167] [Worker-Main-8/INFO] [com.detonators/]: HELLO FROM CLIENT SETUP
[26Mar2026 21:40:24.169] [Worker-Main-8/INFO] [com.detonators/]: MINECRAFT NAME >> Dev
[26Mar2026 21:40:24.197] [Render thread/DEBUG] [net.minecraftforge.fml.DeferredWorkQueue/LOADING]: Dispatching synchronous work for work queue SIDED_SETUP: 1 jobs
[26Mar2026 21:40:24.273] [Render thread/DEBUG] [net.minecraftforge.fml.DeferredWorkQueue/LOADING]: Synchronous work queue completed in 74.11 ms
[26Mar2026 21:40:24.759] [Forge Version Check/DEBUG] [net.minecraftforge.fml.VersionChecker/]: [forge] Received version check data:
{
  "homepage": "https://files.minecraftforge.net/net/minecraftforge/forge/",
  "promos": {
    "1.1-latest": "1.3.4.29",
    "1.2.3-latest": "1.4.1.64",
    "1.2.4-latest": "2.0.0.68",
    "1.2.5-latest": "3.4.9.171",
    "1.3.2-latest": "4.3.5.318",
    "1.4.0-latest": "5.0.0.326",
    "1.4.1-latest": "6.0.0.329",
    "1.4.2-latest": "6.0.1.355",
    "1.4.3-latest": "6.2.1.358",
    "1.4.4-latest": "6.3.0.378",
    "1.4.5-latest": "6.4.2.448",
    "1.4.6-latest": "6.5.0.489",
    "1.4.7-latest": "6.6.2.534",
    "1.5-latest": "7.7.0.598",
    "1.5.1-latest": "7.7.2.682",
    "1.5.2-latest": "7.8.1.738",
    "1.5.2-recommended": "7.8.1.738",
    "1.6.1-latest": "8.9.0.775",
    "1.6.2-latest": "9.10.1.871",
    "1.6.2-recommended": "9.10.1.871",
    "1.6.3-latest": "9.11.0.878",
    "1.6.4-latest": "9.11.1.1345",
    "1.6.4-recommended": "9.11.1.1345",
    "1.7.2-latest": "10.12.2.1161",
    "1.7.2-recommended": "10.12.2.1161",
    "1.7.10-latest": "10.13.4.1614",
    "1.7.10-recommended": "10.13.4.1614",
    "1.8-latest": "11.14.4.1577",
    "1.8-recommended": "11.14.4.1563",
    "1.8.8-latest": "11.15.0.1655",
    "1.8.9-latest": "11.15.1.2318",
    "1.8.9-recommended": "11.15.1.2318",
    "1.9-latest": "12.16.1.1938",
    "1.9-recommended": "12.16.1.1887",
    "1.9.4-latest": "12.17.0.2317",
    "1.9.4-recommended": "12.17.0.2317",
    "1.10-latest": "12.18.0.2000",
    "1.10.2-latest": "12.18.3.2511",
    "1.10.2-recommended": "12.18.3.2511",
    "1.11-latest": "13.19.1.2199",
    "1.11-recommended": "13.19.1.2189",
    "1.11.2-latest": "13.20.1.2588",
    "1.11.2-recommended": "13.20.1.2588",
    "1.12-latest": "14.21.1.2443",
    "1.12-recommended": "14.21.1.2387",
    "1.12.1-latest": "14.22.1.2485",
    "1.12.1-recommended": "14.22.1.2478",
    "1.12.2-latest": "14.23.5.2864",
    "1.12.2-recommended": "14.23.5.2859",
    "1.13.2-latest": "25.0.223",
    "1.14.2-latest": "26.0.63",
    "1.14.3-latest": "27.0.60",
    "1.14.4-latest": "28.2.28",
    "1.14.4-recommended": "28.2.26",
    "1.15-latest": "29.0.4",
    "1.15.1-latest": "30.0.51",
    "1.15.2-latest": "31.2.60",
    "1.15.2-recommended": "31.2.57",
    "1.16.1-latest": "32.0.108",
    "1.16.2-latest": "33.0.61",
    "1.16.3-latest": "34.1.42",
    "1.16.3-recommended": "34.1.0",
    "1.16.4-latest": "35.1.37",
    "1.16.4-recommended": "35.1.4",
    "1.16.5-latest": "36.2.42",
    "1.16.5-recommended": "36.2.34",
    "1.17.1-latest": "37.1.1",
    "1.17.1-recommended": "37.1.1",
    "1.18-latest": "38.0.17",
    "1.18.1-latest": "39.1.2",
    "1.18.1-recommended": "39.1.0",
    "1.18.2-recommended": "40.3.0",
    "1.18.2-latest": "40.3.12",
    "1.19-latest": "41.1.0",
    "1.19-recommended": "41.1.0",
    "1.19.1-latest": "42.0.9",
    "1.19.2-recommended": "43.5.0",
    "1.19.2-latest": "43.5.2",
    "1.19.3-latest": "44.1.23",
    "1.19.3-recommended": "44.1.0",
    "1.19.4-recommended": "45.4.0",
    "1.19.4-latest": "45.4.3",
    "1.20-latest": "46.0.14",
    "1.20.1-recommended": "47.4.10",
    "1.20.1-latest": "47.4.18",
    "1.20.2-latest": "48.1.0",
    "1.20.2-recommended": "48.1.0",
    "1.20.3-latest": "49.0.2",
    "1.20.4-latest": "49.2.7",
    "1.20.4-recommended": "49.2.0",
    "1.20.6-latest": "50.2.8",
    "1.20.6-recommended": "50.2.0",
    "1.21-latest": "51.0.33",
    "1.21.1-latest": "52.1.14",
    "1.21.1-recommended": "52.1.0",
    "1.21.3-latest": "53.1.10",
    "1.21.3-recommended": "53.1.0",
    "1.21.4-latest": "54.1.16",
    "1.21.4-recommended": "54.1.0",
    "1.21.5-latest": "55.1.10",
    "1.21.5-recommended": "55.1.0",
    "1.21.6-latest": "56.0.9",
    "1.21.7-latest": "57.0.3",
    "1.21.8-latest": "58.1.18",
    "1.21.8-recommended": "58.1.0",
    "1.21.9-latest": "59.0.5",
    "1.21.10-latest": "60.1.9",
    "1.21.10-recommended": "60.1.0",
    "1.21.11-latest": "61.1.5",
    "1.21.11-recommended": "61.1.0",
    "26.1-latest": "62.0.3"
  }
}
[26Mar2026 21:40:24.762] [Forge Version Check/INFO] [net.minecraftforge.fml.VersionChecker/]: [forge] Found status: AHEAD Current: 47.4.18 Target: null
[26Mar2026 21:40:25.649] [modloading-worker-0/DEBUG] [net.minecraftforge.registries.GameData/REGISTRIES]: Freezing registries
[26Mar2026 21:40:25.653] [modloading-worker-0/DEBUG] [net.minecraftforge.registries.ForgeRegistry/REGISTRIES]: Registry minecraft:block Sync: FROZEN -> ACTIVE
[26Mar2026 21:40:25.672] [modloading-worker-0/DEBUG] [net.minecraftforge.registries.ForgeRegistry/REGISTRIES]: Registry minecraft:fluid Sync: FROZEN -> ACTIVE
[26Mar2026 21:40:25.673] [modloading-worker-0/DEBUG] [net.minecraftforge.registries.ForgeRegistry/REGISTRIES]: Registry minecraft:item Sync: FROZEN -> ACTIVE
[26Mar2026 21:40:25.689] [modloading-worker-0/DEBUG] [net.minecraftforge.registries.ForgeRegistry/REGISTRIES]: Registry minecraft:mob_effect Sync: FROZEN -> ACTIVE
[26Mar2026 21:40:25.690] [modloading-worker-0/DEBUG] [net.minecraftforge.registries.ForgeRegistry/REGISTRIES]: Registry minecraft:sound_event Sync: FROZEN -> ACTIVE
[26Mar2026 21:40:25.702] [modloading-worker-0/DEBUG] [net.minecraftforge.registries.ForgeRegistry/REGISTRIES]: Registry minecraft:potion Sync: FROZEN -> ACTIVE
[26Mar2026 21:40:25.703] [modloading-worker-0/DEBUG] [net.minecraftforge.registries.ForgeRegistry/REGISTRIES]: Registry minecraft:enchantment Sync: FROZEN -> ACTIVE
[26Mar2026 21:40:25.703] [modloading-worker-0/DEBUG] [net.minecraftforge.registries.ForgeRegistry/REGISTRIES]: Registry minecraft:entity_type Sync: FROZEN -> ACTIVE
[26Mar2026 21:40:25.705] [modloading-worker-0/DEBUG] [net.minecraftforge.registries.ForgeRegistry/REGISTRIES]: Registry minecraft:block_entity_type Sync: FROZEN -> ACTIVE
[26Mar2026 21:40:25.705] [modloading-worker-0/DEBUG] [net.minecraftforge.registries.ForgeRegistry/REGISTRIES]: Registry minecraft:particle_type Sync: FROZEN -> ACTIVE
[26Mar2026 21:40:25.706] [modloading-worker-0/DEBUG] [net.minecraftforge.registries.ForgeRegistry/REGISTRIES]: Registry minecraft:menu Sync: FROZEN -> ACTIVE
[26Mar2026 21:40:25.707] [modloading-worker-0/DEBUG] [net.minecraftforge.registries.ForgeRegistry/REGISTRIES]: Registry minecraft:painting_variant Sync: FROZEN -> ACTIVE
[26Mar2026 21:40:25.707] [modloading-worker-0/DEBUG] [net.minecraftforge.registries.ForgeRegistry/REGISTRIES]: Registry minecraft:recipe_type Sync: FROZEN -> ACTIVE
[26Mar2026 21:40:25.707] [modloading-worker-0/DEBUG] [net.minecraftforge.registries.ForgeRegistry/REGISTRIES]: Registry minecraft:recipe_serializer Sync: FROZEN -> ACTIVE
[26Mar2026 21:40:25.707] [modloading-worker-0/DEBUG] [net.minecraftforge.registries.ForgeRegistry/REGISTRIES]: Registry minecraft:attribute Sync: FROZEN -> ACTIVE
[26Mar2026 21:40:25.707] [modloading-worker-0/DEBUG] [net.minecraftforge.registries.ForgeRegistry/REGISTRIES]: Registry minecraft:stat_type Sync: FROZEN -> ACTIVE
[26Mar2026 21:40:25.707] [modloading-worker-0/DEBUG] [net.minecraftforge.registries.ForgeRegistry/REGISTRIES]: Registry minecraft:command_argument_type Sync: FROZEN -> ACTIVE
[26Mar2026 21:40:25.707] [modloading-worker-0/DEBUG] [net.minecraftforge.registries.ForgeRegistry/REGISTRIES]: Registry minecraft:villager_profession Sync: FROZEN -> ACTIVE
[26Mar2026 21:40:25.708] [modloading-worker-0/DEBUG] [net.minecraftforge.registries.ForgeRegistry/REGISTRIES]: Registry minecraft:point_of_interest_type Sync: FROZEN -> ACTIVE
[26Mar2026 21:40:25.709] [modloading-worker-0/DEBUG] [net.minecraftforge.registries.ForgeRegistry/REGISTRIES]: Registry minecraft:memory_module_type Sync: FROZEN -> ACTIVE
[26Mar2026 21:40:25.710] [modloading-worker-0/DEBUG] [net.minecraftforge.registries.ForgeRegistry/REGISTRIES]: Registry minecraft:sensor_type Sync: FROZEN -> ACTIVE
[26Mar2026 21:40:25.711] [modloading-worker-0/DEBUG] [net.minecraftforge.registries.ForgeRegistry/REGISTRIES]: Registry minecraft:schedule Sync: FROZEN -> ACTIVE
[26Mar2026 21:40:25.711] [modloading-worker-0/DEBUG] [net.minecraftforge.registries.ForgeRegistry/REGISTRIES]: Registry minecraft:activity Sync: FROZEN -> ACTIVE
[26Mar2026 21:40:25.711] [modloading-worker-0/DEBUG] [net.minecraftforge.registries.ForgeRegistry/REGISTRIES]: Registry minecraft:worldgen/carver Sync: FROZEN -> ACTIVE
[26Mar2026 21:40:25.712] [modloading-worker-0/DEBUG] [net.minecraftforge.registries.ForgeRegistry/REGISTRIES]: Registry minecraft:worldgen/feature Sync: FROZEN -> ACTIVE
[26Mar2026 21:40:25.712] [modloading-worker-0/DEBUG] [net.minecraftforge.registries.ForgeRegistry/REGISTRIES]: Registry minecraft:chunk_status Sync: FROZEN -> ACTIVE
[26Mar2026 21:40:25.713] [modloading-worker-0/DEBUG] [net.minecraftforge.registries.ForgeRegistry/REGISTRIES]: Registry minecraft:worldgen/block_state_provider_type Sync: FROZEN -> ACTIVE
[26Mar2026 21:40:25.713] [modloading-worker-0/DEBUG] [net.minecraftforge.registries.ForgeRegistry/REGISTRIES]: Registry minecraft:worldgen/foliage_placer_type Sync: FROZEN -> ACTIVE
[26Mar2026 21:40:25.713] [modloading-worker-0/DEBUG] [net.minecraftforge.registries.ForgeRegistry/REGISTRIES]: Registry minecraft:worldgen/tree_decorator_type Sync: FROZEN -> ACTIVE
[26Mar2026 21:40:25.714] [modloading-worker-0/DEBUG] [net.minecraftforge.registries.ForgeRegistry/REGISTRIES]: Registry minecraft:worldgen/biome Sync: FROZEN -> ACTIVE
[26Mar2026 21:40:25.714] [modloading-worker-0/DEBUG] [net.minecraftforge.registries.ForgeRegistry/REGISTRIES]: Registry forge:entity_data_serializers Sync: FROZEN -> ACTIVE
[26Mar2026 21:40:25.714] [modloading-worker-0/DEBUG] [net.minecraftforge.registries.ForgeRegistry/REGISTRIES]: Registry forge:global_loot_modifier_serializers Sync: FROZEN -> ACTIVE
[26Mar2026 21:40:25.714] [modloading-worker-0/DEBUG] [net.minecraftforge.registries.ForgeRegistry/REGISTRIES]: Registry forge:biome_modifier_serializers Sync: FROZEN -> ACTIVE
[26Mar2026 21:40:25.715] [modloading-worker-0/DEBUG] [net.minecraftforge.registries.ForgeRegistry/REGISTRIES]: Registry forge:fluid_type Sync: FROZEN -> ACTIVE
[26Mar2026 21:40:25.715] [modloading-worker-0/DEBUG] [net.minecraftforge.registries.ForgeRegistry/REGISTRIES]: Registry forge:structure_modifier_serializers Sync: FROZEN -> ACTIVE
[26Mar2026 21:40:25.715] [modloading-worker-0/DEBUG] [net.minecraftforge.registries.ForgeRegistry/REGISTRIES]: Registry forge:holder_set_type Sync: FROZEN -> ACTIVE
[26Mar2026 21:40:25.716] [modloading-worker-0/DEBUG] [net.minecraftforge.registries.ForgeRegistry/REGISTRIES]: Registry forge:display_contexts Sync: FROZEN -> ACTIVE
[26Mar2026 21:40:26.532] [modloading-worker-0/DEBUG] [net.minecraftforge.registries.GameData/REGISTRIES]: All registries frozen
[26Mar2026 21:40:26.576] [Render thread/DEBUG] [net.minecraftforge.common.ForgeI18n/CORE]: Loading I18N data entries: 6435
[26Mar2026 21:40:26.615] [Render thread/WARN] [net.minecraft.client.sounds.SoundEngine/]: Missing sound for event: minecraft:item.goat_horn.play
[26Mar2026 21:40:26.616] [Render thread/WARN] [net.minecraft.client.sounds.SoundEngine/]: Missing sound for event: minecraft:entity.goat.screaming.horn_break
[26Mar2026 21:40:26.681] [Render thread/INFO] [com.mojang.blaze3d.audio.Library/]: OpenAL initialized on device OpenAL Soft on Speakers (Realtek(R) Audio)
[26Mar2026 21:40:26.682] [Render thread/INFO] [net.minecraft.client.sounds.SoundEngine/SOUNDS]: Sound engine started
[26Mar2026 21:40:26.839] [Render thread/INFO] [net.minecraft.client.renderer.texture.TextureAtlas/]: Created: 1024x512x4 minecraft:textures/atlas/blocks.png-atlas
[26Mar2026 21:40:27.044] [Render thread/INFO] [net.minecraft.client.renderer.texture.TextureAtlas/]: Created: 256x256x4 minecraft:textures/atlas/signs.png-atlas
[26Mar2026 21:40:27.049] [Render thread/INFO] [net.minecraft.client.renderer.texture.TextureAtlas/]: Created: 512x512x4 minecraft:textures/atlas/banner_patterns.png-atlas
[26Mar2026 21:40:27.058] [Render thread/INFO] [net.minecraft.client.renderer.texture.TextureAtlas/]: Created: 512x512x4 minecraft:textures/atlas/shield_patterns.png-atlas
[26Mar2026 21:40:27.068] [Render thread/INFO] [net.minecraft.client.renderer.texture.TextureAtlas/]: Created: 1024x1024x4 minecraft:textures/atlas/armor_trims.png-atlas
[26Mar2026 21:40:27.131] [Render thread/INFO] [net.minecraft.client.renderer.texture.TextureAtlas/]: Created: 256x256x4 minecraft:textures/atlas/chest.png-atlas
[26Mar2026 21:40:27.133] [Render thread/INFO] [net.minecraft.client.renderer.texture.TextureAtlas/]: Created: 128x64x4 minecraft:textures/atlas/decorated_pot.png-atlas
[26Mar2026 21:40:27.136] [Render thread/INFO] [net.minecraft.client.renderer.texture.TextureAtlas/]: Created: 512x256x4 minecraft:textures/atlas/beds.png-atlas
[26Mar2026 21:40:27.138] [Render thread/INFO] [net.minecraft.client.renderer.texture.TextureAtlas/]: Created: 512x256x4 minecraft:textures/atlas/shulker_boxes.png-atlas
[26Mar2026 21:40:27.483] [Render thread/WARN] [net.minecraft.client.renderer.ShaderInstance/]: Shader rendertype_entity_translucent_emissive could not find sampler named Sampler2 in the specified shader program.
[26Mar2026 21:40:27.600] [Render thread/INFO] [net.minecraft.client.renderer.texture.TextureAtlas/]: Created: 256x256x0 minecraft:textures/atlas/particles.png-atlas
[26Mar2026 21:40:27.633] [Render thread/INFO] [net.minecraft.client.renderer.texture.TextureAtlas/]: Created: 256x256x0 minecraft:textures/atlas/paintings.png-atlas
[26Mar2026 21:40:27.638] [Render thread/INFO] [net.minecraft.client.renderer.texture.TextureAtlas/]: Created: 128x128x0 minecraft:textures/atlas/mob_effects.png-atlas
[26Mar2026 21:40:28.224] [Realms Notification Availability checker #1/INFO] [com.mojang.realmsclient.client.RealmsClient/]: Could not authorize you against Realms server: java.lang.RuntimeException: Failed to parse into SignedJWT: 0
[26Mar2026 21:40:31.015] [Render thread/INFO] [net.minecraftforge.registries.GameData/REGISTRIES]: Injecting existing registry data into this CLIENT instance
[26Mar2026 21:40:31.061] [Render thread/DEBUG] [net.minecraftforge.registries.ForgeRegistry/REGISTRIES]: Registry minecraft:block Sync: ACTIVE -> STAGING
[26Mar2026 21:40:31.066] [Render thread/DEBUG] [net.minecraftforge.registries.ForgeRegistry/REGISTRIES]: Registry minecraft:fluid Sync: ACTIVE -> STAGING
[26Mar2026 21:40:31.066] [Render thread/DEBUG] [net.minecraftforge.registries.ForgeRegistry/REGISTRIES]: Registry minecraft:item Sync: ACTIVE -> STAGING
[26Mar2026 21:40:31.070] [Render thread/DEBUG] [net.minecraftforge.registries.ForgeRegistry/REGISTRIES]: Registry minecraft:mob_effect Sync: ACTIVE -> STAGING
[26Mar2026 21:40:31.070] [Render thread/DEBUG] [net.minecraftforge.registries.ForgeRegistry/REGISTRIES]: Registry minecraft:sound_event Sync: ACTIVE -> STAGING
[26Mar2026 21:40:31.074] [Render thread/DEBUG] [net.minecraftforge.registries.ForgeRegistry/REGISTRIES]: Registry minecraft:potion Sync: ACTIVE -> STAGING
[26Mar2026 21:40:31.074] [Render thread/DEBUG] [net.minecraftforge.registries.ForgeRegistry/REGISTRIES]: Registry minecraft:enchantment Sync: ACTIVE -> STAGING
[26Mar2026 21:40:31.074] [Render thread/DEBUG] [net.minecraftforge.registries.ForgeRegistry/REGISTRIES]: Registry minecraft:entity_type Sync: ACTIVE -> STAGING
[26Mar2026 21:40:31.075] [Render thread/DEBUG] [net.minecraftforge.registries.ForgeRegistry/REGISTRIES]: Registry minecraft:block_entity_type Sync: ACTIVE -> STAGING
[26Mar2026 21:40:31.075] [Render thread/DEBUG] [net.minecraftforge.registries.ForgeRegistry/REGISTRIES]: Registry minecraft:particle_type Sync: ACTIVE -> STAGING
[26Mar2026 21:40:31.075] [Render thread/DEBUG] [net.minecraftforge.registries.ForgeRegistry/REGISTRIES]: Registry minecraft:menu Sync: ACTIVE -> STAGING
[26Mar2026 21:40:31.075] [Render thread/DEBUG] [net.minecraftforge.registries.ForgeRegistry/REGISTRIES]: Registry minecraft:painting_variant Sync: ACTIVE -> STAGING
[26Mar2026 21:40:31.075] [Render thread/DEBUG] [net.minecraftforge.registries.ForgeRegistry/REGISTRIES]: Registry minecraft:recipe_type Sync: ACTIVE -> STAGING
[26Mar2026 21:40:31.075] [Render thread/DEBUG] [net.minecraftforge.registries.ForgeRegistry/REGISTRIES]: Registry minecraft:recipe_serializer Sync: ACTIVE -> STAGING
[26Mar2026 21:40:31.075] [Render thread/DEBUG] [net.minecraftforge.registries.ForgeRegistry/REGISTRIES]: Registry minecraft:attribute Sync: ACTIVE -> STAGING
[26Mar2026 21:40:31.076] [Render thread/DEBUG] [net.minecraftforge.registries.ForgeRegistry/REGISTRIES]: Registry minecraft:stat_type Sync: ACTIVE -> STAGING
[26Mar2026 21:40:31.076] [Render thread/DEBUG] [net.minecraftforge.registries.ForgeRegistry/REGISTRIES]: Registry minecraft:command_argument_type Sync: ACTIVE -> STAGING
[26Mar2026 21:40:31.076] [Render thread/DEBUG] [net.minecraftforge.registries.ForgeRegistry/REGISTRIES]: Registry minecraft:villager_profession Sync: ACTIVE -> STAGING
[26Mar2026 21:40:31.076] [Render thread/DEBUG] [net.minecraftforge.registries.ForgeRegistry/REGISTRIES]: Registry minecraft:point_of_interest_type Sync: ACTIVE -> STAGING
[26Mar2026 21:40:31.077] [Render thread/DEBUG] [net.minecraftforge.registries.ForgeRegistry/REGISTRIES]: Registry minecraft:memory_module_type Sync: ACTIVE -> STAGING
[26Mar2026 21:40:31.077] [Render thread/DEBUG] [net.minecraftforge.registries.ForgeRegistry/REGISTRIES]: Registry minecraft:sensor_type Sync: ACTIVE -> STAGING
[26Mar2026 21:40:31.078] [Render thread/DEBUG] [net.minecraftforge.registries.ForgeRegistry/REGISTRIES]: Registry minecraft:schedule Sync: ACTIVE -> STAGING
[26Mar2026 21:40:31.078] [Render thread/DEBUG] [net.minecraftforge.registries.ForgeRegistry/REGISTRIES]: Registry minecraft:activity Sync: ACTIVE -> STAGING
[26Mar2026 21:40:31.079] [Render thread/DEBUG] [net.minecraftforge.registries.ForgeRegistry/REGISTRIES]: Registry minecraft:worldgen/carver Sync: ACTIVE -> STAGING
[26Mar2026 21:40:31.079] [Render thread/DEBUG] [net.minecraftforge.registries.ForgeRegistry/REGISTRIES]: Registry minecraft:worldgen/feature Sync: ACTIVE -> STAGING
[26Mar2026 21:40:31.079] [Render thread/DEBUG] [net.minecraftforge.registries.ForgeRegistry/REGISTRIES]: Registry minecraft:chunk_status Sync: ACTIVE -> STAGING
[26Mar2026 21:40:31.079] [Render thread/DEBUG] [net.minecraftforge.registries.ForgeRegistry/REGISTRIES]: Registry minecraft:worldgen/block_state_provider_type Sync: ACTIVE -> STAGING
[26Mar2026 21:40:31.079] [Render thread/DEBUG] [net.minecraftforge.registries.ForgeRegistry/REGISTRIES]: Registry minecraft:worldgen/foliage_placer_type Sync: ACTIVE -> STAGING
[26Mar2026 21:40:31.079] [Render thread/DEBUG] [net.minecraftforge.registries.ForgeRegistry/REGISTRIES]: Registry minecraft:worldgen/tree_decorator_type Sync: ACTIVE -> STAGING
[26Mar2026 21:40:31.079] [Render thread/DEBUG] [net.minecraftforge.registries.ForgeRegistry/REGISTRIES]: Registry minecraft:worldgen/biome Sync: ACTIVE -> STAGING
[26Mar2026 21:40:31.079] [Render thread/DEBUG] [net.minecraftforge.registries.ForgeRegistry/REGISTRIES]: Registry forge:entity_data_serializers Sync: ACTIVE -> STAGING
[26Mar2026 21:40:31.079] [Render thread/DEBUG] [net.minecraftforge.registries.ForgeRegistry/REGISTRIES]: Registry forge:global_loot_modifier_serializers Sync: ACTIVE -> STAGING
[26Mar2026 21:40:31.079] [Render thread/DEBUG] [net.minecraftforge.registries.ForgeRegistry/REGISTRIES]: Registry forge:biome_modifier_serializers Sync: ACTIVE -> STAGING
[26Mar2026 21:40:31.079] [Render thread/DEBUG] [net.minecraftforge.registries.ForgeRegistry/REGISTRIES]: Registry forge:fluid_type Sync: ACTIVE -> STAGING
[26Mar2026 21:40:31.079] [Render thread/DEBUG] [net.minecraftforge.registries.ForgeRegistry/REGISTRIES]: Registry forge:structure_modifier_serializers Sync: ACTIVE -> STAGING
[26Mar2026 21:40:31.079] [Render thread/DEBUG] [net.minecraftforge.registries.ForgeRegistry/REGISTRIES]: Registry forge:holder_set_type Sync: ACTIVE -> STAGING
[26Mar2026 21:40:31.079] [Render thread/DEBUG] [net.minecraftforge.registries.ForgeRegistry/REGISTRIES]: Registry forge:display_contexts Sync: ACTIVE -> STAGING
[26Mar2026 21:40:31.382] [Render thread/DEBUG] [net.minecraftforge.registries.ObjectHolderRegistry/REGISTRIES]: Applying holder lookups
[26Mar2026 21:40:31.388] [Render thread/DEBUG] [net.minecraftforge.registries.ObjectHolderRegistry/REGISTRIES]: Holder lookups applied
[26Mar2026 21:40:31.436] [Render thread/DEBUG] [net.minecraftforge.server.ServerLifecycleHooks/CORE]: Generating PackInfo named mod:detonators for mod file C:\Users\sreng\Detonators\build\resources\main
[26Mar2026 21:40:31.436] [Render thread/DEBUG] [net.minecraftforge.server.ServerLifecycleHooks/CORE]: Generating PackInfo named mod:forge for mod file /
[26Mar2026 21:40:32.162] [Render thread/DEBUG] [net.minecraftforge.coremod.transformer.CoreModBaseTransformer/COREMOD]: Transforming net/minecraft/server/commands/SummonCommand
[26Mar2026 21:40:32.577] [Worker-Main-9/DEBUG] [net.minecraftforge.coremod.transformer.CoreModBaseTransformer/COREMOD]: Transforming net/minecraft/world/entity/raid/Raid
[26Mar2026 21:40:32.791] [Render thread/INFO] [net.minecraft.world.item.crafting.RecipeManager/]: Loaded 7 recipes
[26Mar2026 21:40:32.947] [Render thread/INFO] [net.minecraft.advancements.AdvancementList/]: Loaded 1271 advancements
[26Mar2026 21:40:33.255] [Render thread/DEBUG] [net.minecraftforge.common.ForgeHooks/WP]: Gathering id map for writing to world save New World
[26Mar2026 21:40:33.277] [Render thread/DEBUG] [net.minecraftforge.common.ForgeHooks/WP]: ID Map collection complete New World
[26Mar2026 21:40:33.347] [Server thread/INFO] [net.minecraft.client.server.IntegratedServer/]: Starting integrated minecraft server version 1.20.1
[26Mar2026 21:40:33.347] [Server thread/INFO] [net.minecraft.server.MinecraftServer/]: Generating keypair
[26Mar2026 21:40:33.430] [Server thread/DEBUG] [net.minecraftforge.fml.config.ConfigTracker/CONFIG]: Loading configs type SERVER
[26Mar2026 21:40:33.430] [Server thread/DEBUG] [net.minecraftforge.fml.config.ConfigFileTypeHandler/CONFIG]: Built TOML config for .\saves\New World\serverconfig\forge-server.toml
[26Mar2026 21:40:33.431] [Server thread/DEBUG] [net.minecraftforge.fml.config.ConfigFileTypeHandler/CONFIG]: Loaded TOML config file .\saves\New World\serverconfig\forge-server.toml
[26Mar2026 21:40:33.433] [Server thread/DEBUG] [net.minecraftforge.fml.config.ConfigFileTypeHandler/CONFIG]: Watching TOML config file .\saves\New World\serverconfig\forge-server.toml for changes
[26Mar2026 21:40:33.433] [Server thread/DEBUG] [net.minecraftforge.common.ForgeConfig/FORGEMOD]: Loaded forge config file forge-server.toml
[26Mar2026 21:40:33.477] [Server thread/DEBUG] [net.minecraftforge.coremod.transformer.CoreModBaseTransformer/COREMOD]: Transforming net/minecraft/world/level/levelgen/PhantomSpawner
[26Mar2026 21:40:33.485] [Server thread/DEBUG] [net.minecraftforge.coremod.transformer.CoreModBaseTransformer/COREMOD]: Transforming net/minecraft/world/level/levelgen/PatrolSpawner
[26Mar2026 21:40:33.489] [Server thread/DEBUG] [net.minecraftforge.coremod.transformer.CoreModBaseTransformer/COREMOD]: Transforming net/minecraft/world/entity/npc/CatSpawner
[26Mar2026 21:40:33.493] [Server thread/DEBUG] [net.minecraftforge.coremod.transformer.CoreModBaseTransformer/COREMOD]: Transforming net/minecraft/world/entity/ai/village/VillageSiege
[26Mar2026 21:40:34.814] [Server thread/INFO] [net.minecraft.server.MinecraftServer/]: Preparing start region for dimension minecraft:overworld
[26Mar2026 21:40:35.694] [Server thread/DEBUG] [net.minecraftforge.coremod.transformer.CoreModBaseTransformer/COREMOD]: Transforming net/minecraft/world/level/levelgen/structure/templatesystem/StructureTemplate
[26Mar2026 21:40:36.654] [Render thread/INFO] [net.minecraft.server.level.progress.LoggerChunkProgressListener/]: Preparing spawn area: 0%
[26Mar2026 21:40:36.713] [Render thread/INFO] [net.minecraft.server.level.progress.LoggerChunkProgressListener/]: Preparing spawn area: 0%
[26Mar2026 21:40:36.713] [Render thread/INFO] [net.minecraft.server.level.progress.LoggerChunkProgressListener/]: Preparing spawn area: 0%
[26Mar2026 21:40:36.713] [Render thread/INFO] [net.minecraft.server.level.progress.LoggerChunkProgressListener/]: Preparing spawn area: 0%
[26Mar2026 21:40:36.825] [Render thread/INFO] [net.minecraft.server.level.progress.LoggerChunkProgressListener/]: Preparing spawn area: 0%
[26Mar2026 21:40:37.322] [Render thread/INFO] [net.minecraft.server.level.progress.LoggerChunkProgressListener/]: Preparing spawn area: 0%
[26Mar2026 21:40:37.835] [Render thread/INFO] [net.minecraft.server.level.progress.LoggerChunkProgressListener/]: Preparing spawn area: 10%
[26Mar2026 21:40:38.324] [Render thread/INFO] [net.minecraft.server.level.progress.LoggerChunkProgressListener/]: Preparing spawn area: 83%
[26Mar2026 21:40:38.430] [Server thread/INFO] [net.minecraftforge.server.permission.PermissionAPI/]: Successfully initialized permission handler forge:default_handler
[26Mar2026 21:40:38.431] [Server thread/INFO] [com.detonators/]: HELLO from server starting
[26Mar2026 21:40:38.435] [Render thread/INFO] [net.minecraft.server.level.progress.LoggerChunkProgressListener/]: Time elapsed: 3618 ms
[26Mar2026 21:40:38.579] [Server thread/DEBUG] [io.netty.buffer.AbstractByteBuf/]: -Dio.netty.buffer.checkAccessible: true
[26Mar2026 21:40:38.579] [Server thread/DEBUG] [io.netty.buffer.AbstractByteBuf/]: -Dio.netty.buffer.checkBounds: true
[26Mar2026 21:40:38.582] [Server thread/DEBUG] [io.netty.util.ResourceLeakDetectorFactory/]: Loaded default ResourceLeakDetector: io.netty.util.ResourceLeakDetector@7158aa33
[26Mar2026 21:40:38.644] [Server thread/DEBUG] [net.minecraftforge.coremod.transformer.CoreModBaseTransformer/COREMOD]: Transforming net/minecraft/world/level/NaturalSpawner
[26Mar2026 21:40:38.725] [Server thread/INFO] [net.minecraft.client.server.IntegratedServer/]: Changing view distance to 12, from 10
[26Mar2026 21:40:38.730] [Server thread/INFO] [net.minecraft.client.server.IntegratedServer/]: Changing simulation distance to 12, from 0
[26Mar2026 21:40:38.785] [Render thread/DEBUG] [io.netty.channel.MultithreadEventLoopGroup/]: -Dio.netty.eventLoopThreads: 24
[26Mar2026 21:40:38.817] [Render thread/DEBUG] [io.netty.util.internal.InternalThreadLocalMap/]: -Dio.netty.threadLocalMap.stringBuilder.initialSize: 1024
[26Mar2026 21:40:38.817] [Render thread/DEBUG] [io.netty.util.internal.InternalThreadLocalMap/]: -Dio.netty.threadLocalMap.stringBuilder.maxSize: 4096
[26Mar2026 21:40:38.835] [Render thread/DEBUG] [io.netty.channel.nio.NioEventLoop/]: -Dio.netty.noKeySetOptimization: false
[26Mar2026 21:40:38.835] [Render thread/DEBUG] [io.netty.channel.nio.NioEventLoop/]: -Dio.netty.selectorAutoRebuildThreshold: 512
[26Mar2026 21:40:38.847] [Render thread/DEBUG] [io.netty.util.internal.PlatformDependent/]: org.jctools-core.MpscChunkedArrayQueue: available
[26Mar2026 21:40:38.918] [Render thread/DEBUG] [io.netty.channel.DefaultChannelId/]: -Dio.netty.processId: 20628 (auto-detected)
[26Mar2026 21:40:38.922] [Render thread/WARN] [io.netty.util.internal.SystemPropertyUtil/]: Unable to parse the boolean system property 'java.net.preferIPv6Addresses':system - using the default value: false
[26Mar2026 21:40:38.922] [Render thread/DEBUG] [io.netty.util.NetUtil/]: -Djava.net.preferIPv4Stack: false
[26Mar2026 21:40:38.922] [Render thread/DEBUG] [io.netty.util.NetUtil/]: -Djava.net.preferIPv6Addresses: false
[26Mar2026 21:40:38.937] [Render thread/DEBUG] [io.netty.util.NetUtilInitializations/]: Loopback interface: lo (Software Loopback Interface 1, 127.0.0.1)
[26Mar2026 21:40:38.942] [Render thread/DEBUG] [io.netty.util.NetUtil/]: Failed to get SOMAXCONN from sysctl and file \proc\sys\net\core\somaxconn. Default: 200
[26Mar2026 21:40:38.969] [Render thread/DEBUG] [io.netty.channel.DefaultChannelId/]: -Dio.netty.machineId: 1c:70:c9:ff:fe:de:1f:4c (auto-detected)
[26Mar2026 21:40:39.017] [Render thread/DEBUG] [io.netty.buffer.PooledByteBufAllocator/]: -Dio.netty.allocator.numHeapArenas: 24
[26Mar2026 21:40:39.017] [Render thread/DEBUG] [io.netty.buffer.PooledByteBufAllocator/]: -Dio.netty.allocator.numDirectArenas: 24
[26Mar2026 21:40:39.017] [Render thread/DEBUG] [io.netty.buffer.PooledByteBufAllocator/]: -Dio.netty.allocator.pageSize: 8192
[26Mar2026 21:40:39.017] [Render thread/DEBUG] [io.netty.buffer.PooledByteBufAllocator/]: -Dio.netty.allocator.maxOrder: 9
[26Mar2026 21:40:39.017] [Render thread/DEBUG] [io.netty.buffer.PooledByteBufAllocator/]: -Dio.netty.allocator.chunkSize: 4194304
[26Mar2026 21:40:39.017] [Render thread/DEBUG] [io.netty.buffer.PooledByteBufAllocator/]: -Dio.netty.allocator.smallCacheSize: 256
[26Mar2026 21:40:39.017] [Render thread/DEBUG] [io.netty.buffer.PooledByteBufAllocator/]: -Dio.netty.allocator.normalCacheSize: 64
[26Mar2026 21:40:39.017] [Render thread/DEBUG] [io.netty.buffer.PooledByteBufAllocator/]: -Dio.netty.allocator.maxCachedBufferCapacity: 32768
[26Mar2026 21:40:39.017] [Render thread/DEBUG] [io.netty.buffer.PooledByteBufAllocator/]: -Dio.netty.allocator.cacheTrimInterval: 8192
[26Mar2026 21:40:39.017] [Render thread/DEBUG] [io.netty.buffer.PooledByteBufAllocator/]: -Dio.netty.allocator.cacheTrimIntervalMillis: 0
[26Mar2026 21:40:39.017] [Render thread/DEBUG] [io.netty.buffer.PooledByteBufAllocator/]: -Dio.netty.allocator.useCacheForAllThreads: false
[26Mar2026 21:40:39.017] [Render thread/DEBUG] [io.netty.buffer.PooledByteBufAllocator/]: -Dio.netty.allocator.maxCachedByteBuffersPerChunk: 1023
[26Mar2026 21:40:39.031] [Render thread/DEBUG] [io.netty.buffer.ByteBufUtil/]: -Dio.netty.allocator.type: pooled
[26Mar2026 21:40:39.031] [Render thread/DEBUG] [io.netty.buffer.ByteBufUtil/]: -Dio.netty.threadLocalDirectBufferSize: 0
[26Mar2026 21:40:39.031] [Render thread/DEBUG] [io.netty.buffer.ByteBufUtil/]: -Dio.netty.maxThreadLocalCharBufferSize: 16384
[26Mar2026 21:40:39.077] [Netty Local Client IO #0/DEBUG] [net.minecraftforge.network.HandshakeHandler/FMLHANDSHAKE]: Starting local connection.
[26Mar2026 21:40:39.273] [Netty Local Client IO #0/DEBUG] [io.netty.util.Recycler/]: -Dio.netty.recycler.maxCapacityPerThread: 4096
[26Mar2026 21:40:39.274] [Netty Local Client IO #0/DEBUG] [io.netty.util.Recycler/]: -Dio.netty.recycler.ratio: 8
[26Mar2026 21:40:39.274] [Netty Local Client IO #0/DEBUG] [io.netty.util.Recycler/]: -Dio.netty.recycler.chunkSize: 32
[26Mar2026 21:40:39.274] [Netty Local Client IO #0/DEBUG] [io.netty.util.Recycler/]: -Dio.netty.recycler.blocking: false
[26Mar2026 21:40:39.295] [Netty Server IO #1/DEBUG] [net.minecraftforge.network.HandshakeHandler/FMLHANDSHAKE]: Starting local connection.
[26Mar2026 21:40:39.308] [Server thread/DEBUG] [net.minecraftforge.network.HandshakeHandler/FMLHANDSHAKE]: Sending ticking packet info 'net.minecraftforge.network.HandshakeMessages$S2CModData' to 'fml:handshake' sequence 0
[26Mar2026 21:40:39.316] [Netty Local Client IO #0/DEBUG] [net.minecraftforge.network.LoginWrapper/FMLHANDSHAKE]: Recieved login wrapper packet event for channel fml:handshake with index 0
[26Mar2026 21:40:39.329] [Server thread/DEBUG] [net.minecraftforge.network.HandshakeHandler/FMLHANDSHAKE]: Sending ticking packet info 'net.minecraftforge.network.HandshakeMessages$S2CModList' to 'fml:handshake' sequence 1
[26Mar2026 21:40:39.330] [Netty Local Client IO #0/DEBUG] [net.minecraftforge.network.LoginWrapper/FMLHANDSHAKE]: Recieved login wrapper packet event for channel fml:handshake with index 1
[26Mar2026 21:40:39.331] [Netty Local Client IO #0/DEBUG] [net.minecraftforge.network.HandshakeHandler/FMLHANDSHAKE]: Logging into server with mod list [minecraft, detonators, forge]
[26Mar2026 21:40:39.334] [Netty Local Client IO #0/DEBUG] [net.minecraftforge.network.NetworkRegistry/NETREGISTRY]: Channel 'fml:loginwrapper' : Version test of 'FML3' from server : ACCEPTED
[26Mar2026 21:40:39.334] [Netty Local Client IO #0/DEBUG] [net.minecraftforge.network.NetworkRegistry/NETREGISTRY]: Channel 'forge:tier_sorting' : Version test of '1.0' from server : ACCEPTED
[26Mar2026 21:40:39.334] [Netty Local Client IO #0/DEBUG] [net.minecraftforge.network.NetworkRegistry/NETREGISTRY]: Channel 'fml:handshake' : Version test of 'FML3' from server : ACCEPTED
[26Mar2026 21:40:39.334] [Netty Local Client IO #0/DEBUG] [net.minecraftforge.network.NetworkRegistry/NETREGISTRY]: Channel 'minecraft:unregister' : Version test of 'FML3' from server : ACCEPTED
[26Mar2026 21:40:39.334] [Netty Local Client IO #0/DEBUG] [net.minecraftforge.network.NetworkRegistry/NETREGISTRY]: Channel 'fml:play' : Version test of 'FML3' from server : ACCEPTED
[26Mar2026 21:40:39.334] [Netty Local Client IO #0/DEBUG] [net.minecraftforge.network.NetworkRegistry/NETREGISTRY]: Channel 'minecraft:register' : Version test of 'FML3' from server : ACCEPTED
[26Mar2026 21:40:39.335] [Netty Local Client IO #0/DEBUG] [net.minecraftforge.network.NetworkRegistry/NETREGISTRY]: Channel 'forge:split' : Version test of '1.1' from server : ACCEPTED
[26Mar2026 21:40:39.335] [Netty Local Client IO #0/DEBUG] [net.minecraftforge.network.NetworkRegistry/NETREGISTRY]: Channel 'detonators:main' : Version test of '1' from server : ACCEPTED
[26Mar2026 21:40:39.335] [Netty Local Client IO #0/DEBUG] [net.minecraftforge.network.NetworkRegistry/NETREGISTRY]: Accepting channel list from server
[26Mar2026 21:40:39.336] [Netty Local Client IO #0/DEBUG] [net.minecraftforge.network.LoginWrapper/FMLHANDSHAKE]: Dispatching wrapped packet reply for channel fml:handshake with index 1
[26Mar2026 21:40:39.337] [Netty Local Client IO #0/DEBUG] [net.minecraftforge.network.HandshakeHandler/FMLHANDSHAKE]: Accepted server connection
[26Mar2026 21:40:39.337] [Netty Server IO #1/DEBUG] [net.minecraftforge.network.LoginWrapper/FMLHANDSHAKE]: Recieved login wrapper packet event for channel fml:handshake with index 1
[26Mar2026 21:40:39.337] [Netty Server IO #1/DEBUG] [net.minecraftforge.network.HandshakeHandler/FMLHANDSHAKE]: Received client indexed reply 1 of type net.minecraftforge.network.HandshakeMessages$C2SModListReply
[26Mar2026 21:40:39.338] [Netty Server IO #1/DEBUG] [net.minecraftforge.network.HandshakeHandler/FMLHANDSHAKE]: Received client connection with modlist [minecraft, detonators, forge]
[26Mar2026 21:40:39.338] [Netty Local Client IO #0/DEBUG] [net.minecraftforge.network.HandshakeHandler/REGISTRIES]: Expecting 19 registries: [minecraft:command_argument_type, minecraft:recipe_serializer, minecraft:sound_event, minecraft:particle_type, minecraft:villager_profession, minecraft:item, minecraft:potion, minecraft:painting_variant, forge:fluid_type, minecraft:block_entity_type, forge:display_contexts, minecraft:block, forge:entity_data_serializers, minecraft:mob_effect, minecraft:stat_type, minecraft:menu, minecraft:enchantment, minecraft:fluid, minecraft:entity_type]
[26Mar2026 21:40:39.338] [Netty Server IO #1/DEBUG] [net.minecraftforge.network.NetworkRegistry/NETREGISTRY]: Channel 'fml:loginwrapper' : Version test of 'FML3' from client : ACCEPTED
[26Mar2026 21:40:39.338] [Netty Server IO #1/DEBUG] [net.minecraftforge.network.NetworkRegistry/NETREGISTRY]: Channel 'forge:tier_sorting' : Version test of '1.0' from client : ACCEPTED
[26Mar2026 21:40:39.338] [Netty Server IO #1/DEBUG] [net.minecraftforge.network.NetworkRegistry/NETREGISTRY]: Channel 'fml:handshake' : Version test of 'FML3' from client : ACCEPTED
[26Mar2026 21:40:39.338] [Netty Server IO #1/DEBUG] [net.minecraftforge.network.NetworkRegistry/NETREGISTRY]: Channel 'minecraft:unregister' : Version test of 'FML3' from client : ACCEPTED
[26Mar2026 21:40:39.338] [Netty Server IO #1/DEBUG] [net.minecraftforge.network.NetworkRegistry/NETREGISTRY]: Channel 'fml:play' : Version test of 'FML3' from client : ACCEPTED
[26Mar2026 21:40:39.338] [Netty Server IO #1/DEBUG] [net.minecraftforge.network.NetworkRegistry/NETREGISTRY]: Channel 'minecraft:register' : Version test of 'FML3' from client : ACCEPTED
[26Mar2026 21:40:39.338] [Netty Server IO #1/DEBUG] [net.minecraftforge.network.NetworkRegistry/NETREGISTRY]: Channel 'forge:split' : Version test of '1.1' from client : ACCEPTED
[26Mar2026 21:40:39.338] [Netty Server IO #1/DEBUG] [net.minecraftforge.network.NetworkRegistry/NETREGISTRY]: Channel 'detonators:main' : Version test of '1' from client : ACCEPTED
[26Mar2026 21:40:39.338] [Netty Server IO #1/DEBUG] [net.minecraftforge.network.NetworkRegistry/NETREGISTRY]: Accepting channel list from client
[26Mar2026 21:40:39.339] [Netty Server IO #1/DEBUG] [net.minecraftforge.network.HandshakeHandler/FMLHANDSHAKE]: Accepted client connection mod list
[26Mar2026 21:40:39.346] [Server thread/DEBUG] [net.minecraftforge.network.HandshakeHandler/FMLHANDSHAKE]: Sending ticking packet info 'Config forge-server.toml' to 'fml:handshake' sequence 2
[26Mar2026 21:40:39.347] [Netty Local Client IO #0/DEBUG] [net.minecraftforge.network.LoginWrapper/FMLHANDSHAKE]: Recieved login wrapper packet event for channel fml:handshake with index 2
[26Mar2026 21:40:39.348] [Netty Local Client IO #0/DEBUG] [net.minecraftforge.network.HandshakeHandler/FMLHANDSHAKE]: Received config sync from server
[26Mar2026 21:40:39.348] [Netty Local Client IO #0/DEBUG] [net.minecraftforge.network.LoginWrapper/FMLHANDSHAKE]: Dispatching wrapped packet reply for channel fml:handshake with index 2
[26Mar2026 21:40:39.348] [Netty Server IO #1/DEBUG] [net.minecraftforge.network.LoginWrapper/FMLHANDSHAKE]: Recieved login wrapper packet event for channel fml:handshake with index 2
[26Mar2026 21:40:39.348] [Netty Server IO #1/DEBUG] [net.minecraftforge.network.HandshakeHandler/FMLHANDSHAKE]: Received client indexed reply 2 of type net.minecraftforge.network.HandshakeMessages$C2SAcknowledge
[26Mar2026 21:40:39.348] [Netty Server IO #1/DEBUG] [net.minecraftforge.network.HandshakeHandler/FMLHANDSHAKE]: Received acknowledgement from client
[26Mar2026 21:40:39.365] [Server thread/DEBUG] [net.minecraftforge.network.HandshakeHandler/FMLHANDSHAKE]: Handshake complete!
[26Mar2026 21:40:39.385] [Netty Local Client IO #0/INFO] [net.minecraftforge.network.NetworkHooks/]: Connected to a modded server.
[26Mar2026 21:40:39.436] [Server thread/INFO] [net.minecraft.server.players.PlayerList/]: Dev[local:E:766bbc61] logged in with entity id 161 at (11.580651004664668, 137.73737005615155, -58.77237935986936)
[26Mar2026 21:40:39.548] [Server thread/INFO] [net.minecraft.server.MinecraftServer/]: Dev joined the game
[26Mar2026 21:40:39.904] [Render thread/WARN] [net.minecraft.client.multiplayer.ClientPacketListener/]: Received passengers for unknown entity
[26Mar2026 21:40:40.394] [Render thread/INFO] [net.minecraft.advancements.AdvancementList/]: Loaded 25 advancements
[26Mar2026 21:40:41.447] [Server thread/DEBUG] [io.netty.util.internal.ThreadLocalRandom/]: -Dio.netty.initialSeedUniquifier: 0x09edf49b42842a41
[26Mar2026 21:42:14.298] [Server thread/INFO] [net.minecraft.server.commands.LocateCommand/]: Locating element minecraft:village_snowy took 1 ms
[26Mar2026 21:42:14.300] [Render thread/INFO] [net.minecraft.client.gui.components.ChatComponent/]: [System] [CHAT] The nearest minecraft:village_snowy is at [-336, ~, -256] (396 blocks away)
[26Mar2026 21:42:17.870] [Server thread/INFO] [net.minecraft.server.MinecraftServer/]: [Dev: Teleported Dev to -335.500000, 125.006832, -255.500000]
[26Mar2026 21:42:17.881] [Render thread/INFO] [net.minecraft.client.gui.components.ChatComponent/]: [System] [CHAT] Teleported Dev to -335.500000, 125.006832, -255.500000
[26Mar2026 21:42:38.817] [Server thread/INFO] [net.minecraft.server.MinecraftServer/]: [Dev: Successfully filled 216 block(s)]
[26Mar2026 21:42:38.830] [Render thread/INFO] [net.minecraft.client.gui.components.ChatComponent/]: [System] [CHAT] Successfully filled 216 block(s)
[26Mar2026 21:42:54.321] [Server thread/INFO] [net.minecraft.server.MinecraftServer/]: [Dev: Successfully filled 216 block(s)]
[26Mar2026 21:42:54.332] [Render thread/INFO] [net.minecraft.client.gui.components.ChatComponent/]: [System] [CHAT] Successfully filled 216 block(s)
[26Mar2026 21:43:07.152] [Server thread/INFO] [net.minecraft.server.MinecraftServer/]: [Dev: Successfully filled 216 block(s)]
[26Mar2026 21:43:07.163] [Render thread/INFO] [net.minecraft.client.gui.components.ChatComponent/]: [System] [CHAT] Successfully filled 216 block(s)
[26Mar2026 21:43:20.051] [Render thread/INFO] [net.minecraft.advancements.AdvancementList/]: Loaded 53 advancements
[26Mar2026 21:43:20.133] [Server thread/INFO] [net.minecraft.world.entity.npc.Villager/]: Villager Villager['Nitwit'/1282, l='ServerLevel[New World]', x=-318.52, y=77.06, z=-257.05] died, message: 'Nitwit was blown up by Dev'
[26Mar2026 21:43:20.185] [Render thread/INFO] [net.minecraft.world.entity.npc.Villager/]: Villager Villager['Nitwit'/1282, l='ClientLevel', x=-318.50, y=77.00, z=-257.14] died, message: 'Nitwit died'
[26Mar2026 21:43:21.223] [Server thread/INFO] [net.minecraft.world.entity.npc.Villager/]: Villager Villager['Villager'/1275, l='ServerLevel[New World]', x=-322.68, y=74.62, z=-262.94] died, message: 'Villager was blown up by Dev'
[26Mar2026 21:43:21.224] [Server thread/INFO] [net.minecraft.world.entity.npc.Villager/]: Villager Villager['Villager'/1271, l='ServerLevel[New World]', x=-322.68, y=74.72, z=-262.73] died, message: 'Villager was blown up by Dev'
[26Mar2026 21:43:21.251] [Server thread/INFO] [net.minecraft.world.entity.npc.Villager/]: Villager Villager['Villager'/1283, l='ServerLevel[New World]', x=-323.77, y=76.00, z=-263.36] died, message: 'Villager was blown up by Dev'
[26Mar2026 21:43:21.268] [Render thread/INFO] [net.minecraft.world.entity.npc.Villager/]: Villager Villager['Villager'/1275, l='ClientLevel', x=-322.67, y=75.40, z=-263.01] died, message: 'Villager died'
[26Mar2026 21:43:21.269] [Render thread/INFO] [net.minecraft.world.entity.npc.Villager/]: Villager Villager['Villager'/1271, l='ClientLevel', x=-322.70, y=75.45, z=-262.95] died, message: 'Villager died'
[26Mar2026 21:43:21.276] [Render thread/INFO] [net.minecraft.world.entity.npc.Villager/]: Villager Villager['Villager'/1283, l='ClientLevel', x=-323.82, y=76.00, z=-263.33] died, message: 'Villager died'
[26Mar2026 21:43:34.008] [Render thread/INFO] [net.minecraft.advancements.AdvancementList/]: Loaded 55 advancements
[26Mar2026 21:43:46.847] [Render thread/INFO] [net.minecraft.advancements.AdvancementList/]: Loaded 65 advancements
[26Mar2026 21:44:14.213] [Server thread/INFO] [net.minecraft.server.MinecraftServer/]: [Dev: Summoned new Villager]
[26Mar2026 21:44:14.215] [Render thread/INFO] [net.minecraft.client.gui.components.ChatComponent/]: [System] [CHAT] Summoned new Villager
[26Mar2026 21:44:56.808] [Server thread/INFO] [net.minecraft.world.entity.npc.Villager/]: Villager Villager['Villager'/8060, l='ServerLevel[New World]', x=-348.52, y=60.00, z=-261.30] died, message: 'Villager was blown up by Dev'
[26Mar2026 21:44:56.827] [Render thread/INFO] [net.minecraft.world.entity.npc.Villager/]: Villager Villager['Villager'/8060, l='ClientLevel', x=-348.52, y=60.00, z=-261.30] died, message: 'Villager died'
[26Mar2026 21:45:05.883] [Server thread/INFO] [net.minecraft.client.server.IntegratedServer/]: Saving and pausing game...
[26Mar2026 21:45:05.915] [Server thread/INFO] [net.minecraft.server.MinecraftServer/]: Saving chunks for level 'ServerLevel[New World]'/minecraft:overworld
[26Mar2026 21:45:05.958] [Server thread/INFO] [net.minecraft.server.MinecraftServer/]: Saving chunks for level 'ServerLevel[New World]'/minecraft:the_end
[26Mar2026 21:45:05.961] [Server thread/INFO] [net.minecraft.server.MinecraftServer/]: Saving chunks for level 'ServerLevel[New World]'/minecraft:the_nether
[26Mar2026 21:45:05.964] [Server thread/DEBUG] [net.minecraftforge.common.ForgeHooks/WP]: Gathering id map for writing to world save New World
[26Mar2026 21:45:05.971] [Server thread/DEBUG] [net.minecraftforge.common.ForgeHooks/WP]: ID Map collection complete New World
[26Mar2026 21:45:09.132] [Server thread/INFO] [net.minecraft.client.server.IntegratedServer/]: Saving and pausing game...
[26Mar2026 21:45:09.155] [Server thread/INFO] [net.minecraft.server.MinecraftServer/]: Saving chunks for level 'ServerLevel[New World]'/minecraft:overworld
[26Mar2026 21:45:09.183] [Server thread/INFO] [net.minecraft.server.MinecraftServer/]: Saving chunks for level 'ServerLevel[New World]'/minecraft:the_end
[26Mar2026 21:45:09.186] [Server thread/INFO] [net.minecraft.server.MinecraftServer/]: Saving chunks for level 'ServerLevel[New World]'/minecraft:the_nether
[26Mar2026 21:45:09.193] [Server thread/DEBUG] [net.minecraftforge.common.ForgeHooks/WP]: Gathering id map for writing to world save New World
[26Mar2026 21:45:09.206] [Server thread/DEBUG] [net.minecraftforge.common.ForgeHooks/WP]: ID Map collection complete New World
[26Mar2026 21:45:10.247] [Render thread/INFO] [net.minecraft.client.Minecraft/]: Stopping!
[26Mar2026 21:45:10.299] [Server thread/INFO] [net.minecraft.server.network.ServerGamePacketListenerImpl/]: Dev lost connection: Disconnected
[26Mar2026 21:45:10.300] [Server thread/INFO] [net.minecraft.server.MinecraftServer/]: Dev left the game
[26Mar2026 21:45:10.307] [Server thread/INFO] [net.minecraft.server.network.ServerGamePacketListenerImpl/]: Stopping singleplayer server as player logged out
[26Mar2026 21:45:10.352] [Server thread/INFO] [net.minecraft.server.MinecraftServer/]: Stopping server
[26Mar2026 21:45:10.352] [Server thread/INFO] [net.minecraft.server.MinecraftServer/]: Saving players
[26Mar2026 21:45:10.352] [Server thread/INFO] [net.minecraft.server.MinecraftServer/]: Saving worlds
[26Mar2026 21:45:11.028] [Server thread/INFO] [net.minecraft.server.MinecraftServer/]: Saving chunks for level 'ServerLevel[New World]'/minecraft:overworld
[26Mar2026 21:45:12.747] [Server thread/INFO] [net.minecraft.server.MinecraftServer/]: Saving chunks for level 'ServerLevel[New World]'/minecraft:the_end
[26Mar2026 21:45:12.748] [Server thread/INFO] [net.minecraft.server.MinecraftServer/]: Saving chunks for level 'ServerLevel[New World]'/minecraft:the_nether
[26Mar2026 21:45:12.750] [Server thread/DEBUG] [net.minecraftforge.common.ForgeHooks/WP]: Gathering id map for writing to world save New World
[26Mar2026 21:45:12.755] [Server thread/DEBUG] [net.minecraftforge.common.ForgeHooks/WP]: ID Map collection complete New World
[26Mar2026 21:45:12.764] [Server thread/INFO] [net.minecraft.server.MinecraftServer/]: ThreadedAnvilChunkStorage (New World): All chunks are saved
[26Mar2026 21:45:12.764] [Server thread/INFO] [net.minecraft.server.MinecraftServer/]: ThreadedAnvilChunkStorage (DIM1): All chunks are saved
[26Mar2026 21:45:12.764] [Server thread/INFO] [net.minecraft.server.MinecraftServer/]: ThreadedAnvilChunkStorage (DIM-1): All chunks are saved
[26Mar2026 21:45:12.764] [Server thread/INFO] [net.minecraft.server.MinecraftServer/]: ThreadedAnvilChunkStorage: All dimensions are saved
[26Mar2026 21:45:12.789] [Server thread/DEBUG] [net.minecraftforge.registries.GameData/REGISTRIES]: Reverting to FROZEN data state.
[26Mar2026 21:45:12.789] [Server thread/DEBUG] [net.minecraftforge.registries.ForgeRegistry/REGISTRIES]: Registry minecraft:block Sync: ACTIVE -> FROZEN
[26Mar2026 21:45:12.795] [Server thread/DEBUG] [net.minecraftforge.registries.ForgeRegistry/REGISTRIES]: Registry minecraft:fluid Sync: ACTIVE -> FROZEN
[26Mar2026 21:45:12.796] [Server thread/DEBUG] [net.minecraftforge.registries.ForgeRegistry/REGISTRIES]: Registry minecraft:item Sync: ACTIVE -> FROZEN
[26Mar2026 21:45:12.803] [Server thread/DEBUG] [net.minecraftforge.registries.ForgeRegistry/REGISTRIES]: Registry minecraft:mob_effect Sync: ACTIVE -> FROZEN
[26Mar2026 21:45:12.803] [Server thread/DEBUG] [net.minecraftforge.registries.ForgeRegistry/REGISTRIES]: Registry minecraft:sound_event Sync: ACTIVE -> FROZEN
[26Mar2026 21:45:12.808] [Server thread/DEBUG] [net.minecraftforge.registries.ForgeRegistry/REGISTRIES]: Registry minecraft:potion Sync: ACTIVE -> FROZEN
[26Mar2026 21:45:12.808] [Server thread/DEBUG] [net.minecraftforge.registries.ForgeRegistry/REGISTRIES]: Registry minecraft:enchantment Sync: ACTIVE -> FROZEN
[26Mar2026 21:45:12.808] [Server thread/DEBUG] [net.minecraftforge.registries.ForgeRegistry/REGISTRIES]: Registry minecraft:entity_type Sync: ACTIVE -> FROZEN
[26Mar2026 21:45:12.808] [Server thread/DEBUG] [net.minecraftforge.registries.ForgeRegistry/REGISTRIES]: Registry minecraft:block_entity_type Sync: ACTIVE -> FROZEN
[26Mar2026 21:45:12.809] [Server thread/DEBUG] [net.minecraftforge.registries.ForgeRegistry/REGISTRIES]: Registry minecraft:particle_type Sync: ACTIVE -> FROZEN
[26Mar2026 21:45:12.809] [Server thread/DEBUG] [net.minecraftforge.registries.ForgeRegistry/REGISTRIES]: Registry minecraft:menu Sync: ACTIVE -> FROZEN
[26Mar2026 21:45:12.810] [Server thread/DEBUG] [net.minecraftforge.registries.ForgeRegistry/REGISTRIES]: Registry minecraft:painting_variant Sync: ACTIVE -> FROZEN
[26Mar2026 21:45:12.810] [Server thread/DEBUG] [net.minecraftforge.registries.ForgeRegistry/REGISTRIES]: Registry minecraft:recipe_type Sync: ACTIVE -> FROZEN
[26Mar2026 21:45:12.810] [Server thread/DEBUG] [net.minecraftforge.registries.ForgeRegistry/REGISTRIES]: Registry minecraft:recipe_serializer Sync: ACTIVE -> FROZEN
[26Mar2026 21:45:12.810] [Server thread/DEBUG] [net.minecraftforge.registries.ForgeRegistry/REGISTRIES]: Registry minecraft:attribute Sync: ACTIVE -> FROZEN
[26Mar2026 21:45:12.811] [Server thread/DEBUG] [net.minecraftforge.registries.ForgeRegistry/REGISTRIES]: Registry minecraft:stat_type Sync: ACTIVE -> FROZEN
[26Mar2026 21:45:12.812] [Server thread/DEBUG] [net.minecraftforge.registries.ForgeRegistry/REGISTRIES]: Registry minecraft:command_argument_type Sync: ACTIVE -> FROZEN
[26Mar2026 21:45:12.812] [Server thread/DEBUG] [net.minecraftforge.registries.ForgeRegistry/REGISTRIES]: Registry minecraft:villager_profession Sync: ACTIVE -> FROZEN
[26Mar2026 21:45:12.813] [Server thread/DEBUG] [net.minecraftforge.registries.ForgeRegistry/REGISTRIES]: Registry minecraft:point_of_interest_type Sync: ACTIVE -> FROZEN
[26Mar2026 21:45:12.815] [Server thread/DEBUG] [net.minecraftforge.registries.ForgeRegistry/REGISTRIES]: Registry minecraft:memory_module_type Sync: ACTIVE -> FROZEN
[26Mar2026 21:45:12.816] [Server thread/DEBUG] [net.minecraftforge.registries.ForgeRegistry/REGISTRIES]: Registry minecraft:sensor_type Sync: ACTIVE -> FROZEN
[26Mar2026 21:45:12.816] [Server thread/DEBUG] [net.minecraftforge.registries.ForgeRegistry/REGISTRIES]: Registry minecraft:schedule Sync: ACTIVE -> FROZEN
[26Mar2026 21:45:12.816] [Server thread/DEBUG] [net.minecraftforge.registries.ForgeRegistry/REGISTRIES]: Registry minecraft:activity Sync: ACTIVE -> FROZEN
[26Mar2026 21:45:12.816] [Server thread/DEBUG] [net.minecraftforge.registries.ForgeRegistry/REGISTRIES]: Registry minecraft:worldgen/carver Sync: ACTIVE -> FROZEN
[26Mar2026 21:45:12.816] [Server thread/DEBUG] [net.minecraftforge.registries.ForgeRegistry/REGISTRIES]: Registry minecraft:worldgen/feature Sync: ACTIVE -> FROZEN
[26Mar2026 21:45:12.817] [Server thread/DEBUG] [net.minecraftforge.registries.ForgeRegistry/REGISTRIES]: Registry minecraft:chunk_status Sync: ACTIVE -> FROZEN
[26Mar2026 21:45:12.817] [Server thread/DEBUG] [net.minecraftforge.registries.ForgeRegistry/REGISTRIES]: Registry minecraft:worldgen/block_state_provider_type Sync: ACTIVE -> FROZEN
[26Mar2026 21:45:12.817] [Server thread/DEBUG] [net.minecraftforge.registries.ForgeRegistry/REGISTRIES]: Registry minecraft:worldgen/foliage_placer_type Sync: ACTIVE -> FROZEN
[26Mar2026 21:45:12.817] [Server thread/DEBUG] [net.minecraftforge.registries.ForgeRegistry/REGISTRIES]: Registry minecraft:worldgen/tree_decorator_type Sync: ACTIVE -> FROZEN
[26Mar2026 21:45:12.817] [Server thread/DEBUG] [net.minecraftforge.registries.ForgeRegistry/REGISTRIES]: Registry minecraft:worldgen/biome Sync: ACTIVE -> FROZEN
[26Mar2026 21:45:12.817] [Server thread/DEBUG] [net.minecraftforge.registries.ForgeRegistry/REGISTRIES]: Registry forge:entity_data_serializers Sync: ACTIVE -> FROZEN
[26Mar2026 21:45:12.817] [Server thread/DEBUG] [net.minecraftforge.registries.ForgeRegistry/REGISTRIES]: Registry forge:global_loot_modifier_serializers Sync: ACTIVE -> FROZEN
[26Mar2026 21:45:12.817] [Server thread/DEBUG] [net.minecraftforge.registries.ForgeRegistry/REGISTRIES]: Registry forge:biome_modifier_serializers Sync: ACTIVE -> FROZEN
[26Mar2026 21:45:12.818] [Server thread/DEBUG] [net.minecraftforge.registries.ForgeRegistry/REGISTRIES]: Registry forge:fluid_type Sync: ACTIVE -> FROZEN
[26Mar2026 21:45:12.818] [Server thread/DEBUG] [net.minecraftforge.registries.ForgeRegistry/REGISTRIES]: Registry forge:structure_modifier_serializers Sync: ACTIVE -> FROZEN
[26Mar2026 21:45:12.819] [Server thread/DEBUG] [net.minecraftforge.registries.ForgeRegistry/REGISTRIES]: Registry forge:holder_set_type Sync: ACTIVE -> FROZEN
[26Mar2026 21:45:12.819] [Server thread/DEBUG] [net.minecraftforge.registries.ForgeRegistry/REGISTRIES]: Registry forge:display_contexts Sync: ACTIVE -> FROZEN
[26Mar2026 21:45:13.145] [Server thread/DEBUG] [net.minecraftforge.registries.ObjectHolderRegistry/REGISTRIES]: Applying holder lookups
[26Mar2026 21:45:13.151] [Server thread/DEBUG] [net.minecraftforge.registries.ObjectHolderRegistry/REGISTRIES]: Holder lookups applied
[26Mar2026 21:45:13.151] [Server thread/DEBUG] [net.minecraftforge.registries.GameData/REGISTRIES]: FROZEN state restored.
[26Mar2026 21:45:13.152] [Server thread/DEBUG] [net.minecraftforge.fml.config.ConfigTracker/CONFIG]: Unloading configs type SERVER
